-62.286,2013-10-03 17:23:41.546000
-63.53,2013-10-03 17:23:41.703000
-62.003,2013-10-03 17:23:41.875000
-66.096,2013-10-03 17:23:42
-63.45,2013-10-03 17:23:42.125000
-61.818,2013-10-03 17:23:42.265000
-61.633,2013-10-03 17:23:42.500000
-63.849,2013-10-03 17:23:42.640000
-63.932,2013-10-03 17:23:42.765000
-63.96,2013-10-03 17:23:42.906000
-62.94,2013-10-03 17:23:43.031000
-62.849,2013-10-03 17:23:43.171000
-63.078,2013-10-03 17:23:43.390000
-84.357,2013-10-03 17:23:43.593000
-64.034,2013-10-03 17:23:43.718000
-63.613,2013-10-03 17:23:43.859000
-64.015,2013-10-03 17:23:44
-63.614,2013-10-03 17:23:44.125000
-62.156,2013-10-03 17:23:44.265000
-88.047,2013-10-03 17:23:44.421000
-85.488,2013-10-03 17:23:44.578000
-62.435,2013-10-03 17:23:44.703000
-61.823,2013-10-03 17:23:44.843000
-63.426,2013-10-03 17:23:44.968000
-83.386,2013-10-03 17:23:45.062000
-84.485,2013-10-03 17:23:45.234000
-86.788,2013-10-03 17:23:45.375000
-84.851,2013-10-03 17:23:45.531000
-85.15,2013-10-03 17:23:45.671000
-85.656,2013-10-03 17:23:45.812000
-84.627,2013-10-03 17:23:45.937000
-63.028,2013-10-03 17:23:46.078000
-62.72,2013-10-03 17:23:46.203000
-86.337,2013-10-03 17:23:46.343000
-85.095,2013-10-03 17:23:46.578000
-86.034,2013-10-03 17:23:46.718000
-84.305,2013-10-03 17:23:46.859000
-84.983,2013-10-03 17:23:46.984000
-61.83,2013-10-03 17:23:47.125000
-63.101,2013-10-03 17:23:47.250000
-84.173,2013-10-03 17:23:47.390000
-82.996,2013-10-03 17:23:47.562000
-83.756,2013-10-03 17:23:47.703000
-62.393,2013-10-03 17:23:47.843000
-83.557,2013-10-03 17:23:47.968000
-65.212,2013-10-03 17:23:48.109000
-61.973,2013-10-03 17:23:48.234000
-85.316,2013-10-03 17:23:48.359000
-65.532,2013-10-03 17:23:48.500000
-84.731,2013-10-03 17:23:48.671000
-84.512,2013-10-03 17:23:48.812000
-61.959,2013-10-03 17:23:48.937000
-85.626,2013-10-03 17:23:49.078000
-63.236,2013-10-03 17:23:49.203000
-62.119,2013-10-03 17:23:49.296000
-63.117,2013-10-03 17:23:49.484000
-61.871,2013-10-03 17:23:49.640000
-84.525,2013-10-03 17:23:49.781000
-85.332,2013-10-03 17:23:49.921000
-61.715,2013-10-03 17:23:50.046000
-61.092,2013-10-03 17:23:50.187000
-83.546,2013-10-03 17:23:50.312000
-84.533,2013-10-03 17:23:50.453000
-62.899,2013-10-03 17:23:50.578000
-84.878,2013-10-03 17:23:50.750000
-62.276,2013-10-03 17:23:50.890000
-62.706,2013-10-03 17:23:51.015000
-62.762,2013-10-03 17:23:51.156000
-84.925,2013-10-03 17:23:51.281000
-75.446,2013-10-03 17:23:51.421000
-86.607,2013-10-03 17:23:51.546000
-83.813,2013-10-03 17:23:51.687000
-84.769,2013-10-03 17:23:51.859000
-84.011,2013-10-03 17:23:52
-83.709,2013-10-03 17:23:52.125000
-59.111,2013-10-03 17:23:52.265000
-87.586,2013-10-03 17:23:52.390000
-60.592,2013-10-03 17:23:52.531000
-58.422,2013-10-03 17:23:52.671000
-59.038,2013-10-03 17:23:52.843000
-57.965,2013-10-03 17:23:52.984000
-63.976,2013-10-03 17:23:53.125000
-59.593,2013-10-03 17:23:53.250000
-87.487,2013-10-03 17:23:53.390000
-85.298,2013-10-03 17:23:53.515000
-71.458,2013-10-03 17:23:53.656000
-62.548,2013-10-03 17:23:53.781000
-61.912,2013-10-03 17:23:53.953000
-62.665,2013-10-03 17:23:54.093000
-59.993,2013-10-03 17:23:54.218000
-87.574,2013-10-03 17:23:54.359000
-58.957,2013-10-03 17:23:54.484000
-83.36,2013-10-03 17:23:54.625000
-60.154,2013-10-03 17:23:54.750000
-85.451,2013-10-03 17:23:54.921000
-61.483,2013-10-03 17:23:55.078000
-72.595,2013-10-03 17:23:55.218000
-84.639,2013-10-03 17:23:55.343000
-84.257,2013-10-03 17:23:55.468000
-61.416,2013-10-03 17:23:55.609000
-61.21,2013-10-03 17:23:55.750000
-63.498,2013-10-03 17:23:55.875000
-62.729,2013-10-03 17:23:56.046000
-64.015,2013-10-03 17:23:56.187000
-62.508,2013-10-03 17:23:56.328000
-62.739,2013-10-03 17:23:56.468000
-63.624,2013-10-03 17:23:56.609000
-60.903,2013-10-03 17:23:56.703000
-61.407,2013-10-03 17:23:56.875000
-65.236,2013-10-03 17:23:57.046000
-86.194,2013-10-03 17:23:57.187000
-74.891,2013-10-03 17:23:57.328000
-84.906,2013-10-03 17:23:57.453000
-60.21,2013-10-03 17:23:57.593000
-64.914,2013-10-03 17:23:57.734000
-60.388,2013-10-03 17:23:57.859000
-60.228,2013-10-03 17:23:58
-61.481,2013-10-03 17:23:58.171000
-61.203,2013-10-03 17:23:58.312000
-61.954,2013-10-03 17:23:58.437000
-61.244,2013-10-03 17:23:58.593000
-59.794,2013-10-03 17:23:58.734000
-61.577,2013-10-03 17:23:58.875000
-60.388,2013-10-03 17:23:59
-59.808,2013-10-03 17:23:59.171000
-60.548,2013-10-03 17:23:59.312000
-59.978,2013-10-03 17:23:59.453000
-58.441,2013-10-03 17:23:59.593000
-83.292,2013-10-03 17:23:59.734000
-84.253,2013-10-03 17:23:59.875000
-83.749,2013-10-03 17:24:00.015000
-61.353,2013-10-03 17:24:00.140000
-84.412,2013-10-03 17:24:00.312000
-59.585,2013-10-03 17:24:00.453000
-58.755,2013-10-03 17:24:00.593000
-59.829,2013-10-03 17:24:00.734000
-84.939,2013-10-03 17:24:00.859000
-84.776,2013-10-03 17:24:01
-83.559,2013-10-03 17:24:01.140000
-62.553,2013-10-03 17:24:01.296000
-84.748,2013-10-03 17:24:01.453000
-84.248,2013-10-03 17:24:01.578000
-64.682,2013-10-03 17:24:01.718000
-84.336,2013-10-03 17:24:01.843000
-86.457,2013-10-03 17:24:01.937000
-63.81,2013-10-03 17:24:02.109000
-87.43,2013-10-03 17:24:02.250000
-88.475,2013-10-03 17:24:02.406000
-63.481,2013-10-03 17:24:02.546000
-67.083,2013-10-03 17:24:02.687000
-68.066,2013-10-03 17:24:02.812000
-66.675,2013-10-03 17:24:02.953000
-83.859,2013-10-03 17:24:03.078000
-86.183,2013-10-03 17:24:03.218000
-85.356,2013-10-03 17:24:03.390000
-60.618,2013-10-03 17:24:03.531000
-60.615,2013-10-03 17:24:03.656000
-84.839,2013-10-03 17:24:03.781000
-83.175,2013-10-03 17:24:03.921000
-58.779,2013-10-03 17:24:04.062000
-59.431,2013-10-03 17:24:04.187000
-85.929,2013-10-03 17:24:04.328000
-85.058,2013-10-03 17:24:04.500000
-59.746,2013-10-03 17:24:04.640000
-84.092,2013-10-03 17:24:04.781000
-83.803,2013-10-03 17:24:04.906000
-65.555,2013-10-03 17:24:05.046000
-86.114,2013-10-03 17:24:05.187000
-83.722,2013-10-03 17:24:05.312000
-66.698,2013-10-03 17:24:05.484000
-85.284,2013-10-03 17:24:05.625000
-68.682,2013-10-03 17:24:05.750000
-86.588,2013-10-03 17:24:05.890000
-82.349,2013-10-03 17:24:06.031000
-64.776,2013-10-03 17:24:06.156000
-63.167,2013-10-03 17:24:06.296000
-63.018,2013-10-03 17:24:06.421000
-63.739,2013-10-03 17:24:06.593000
-82.972,2013-10-03 17:24:06.734000
-58.043,2013-10-03 17:24:06.875000
-83.525,2013-10-03 17:24:07
-84.007,2013-10-03 17:24:07.140000
-59.549,2013-10-03 17:24:07.234000
-87.798,2013-10-03 17:24:07.406000
-60.471,2013-10-03 17:24:07.578000
-61.054,2013-10-03 17:24:07.718000
-83.073,2013-10-03 17:24:07.843000
-62.55,2013-10-03 17:24:07.984000
-61.333,2013-10-03 17:24:08.125000
-85.894,2013-10-03 17:24:08.250000
-87.656,2013-10-03 17:24:08.390000
-84.664,2013-10-03 17:24:08.515000
-82.899,2013-10-03 17:24:08.687000
-71.963,2013-10-03 17:24:08.828000
-63.574,2013-10-03 17:24:08.968000
-63.975,2013-10-03 17:24:09.093000
-64.082,2013-10-03 17:24:09.234000
-84.693,2013-10-03 17:24:09.359000
-64.635,2013-10-03 17:24:09.500000
-62.981,2013-10-03 17:24:09.671000
-63.546,2013-10-03 17:24:09.812000
-83.966,2013-10-03 17:24:09.937000
-64.919,2013-10-03 17:24:10.078000
-64.891,2013-10-03 17:24:10.203000
-62.729,2013-10-03 17:24:10.343000
-63.641,2013-10-03 17:24:10.437000
-62.625,2013-10-03 17:24:10.609000
-64.616,2013-10-03 17:24:10.781000
-64.26,2013-10-03 17:24:10.921000
-64.746,2013-10-03 17:24:11.046000
-86.187,2013-10-03 17:24:11.187000
-64.507,2013-10-03 17:24:11.312000
-64.383,2013-10-03 17:24:11.453000
-63.467,2013-10-03 17:24:11.578000
-65.267,2013-10-03 17:24:11.750000
-64.25,2013-10-03 17:24:11.890000
-84.912,2013-10-03 17:24:12.031000
-64.523,2013-10-03 17:24:12.156000
-87.192,2013-10-03 17:24:12.281000
-64.654,2013-10-03 17:24:12.421000
-64.863,2013-10-03 17:24:12.546000
-62.897,2013-10-03 17:24:12.687000
-83.899,2013-10-03 17:24:12.859000
-86.154,2013-10-03 17:24:13
-85.131,2013-10-03 17:24:13.125000
-63.728,2013-10-03 17:24:13.265000
-86.155,2013-10-03 17:24:13.390000
-83.279,2013-10-03 17:24:13.531000
-65.45,2013-10-03 17:24:13.625000
-86.14,2013-10-03 17:24:13.843000
-84.478,2013-10-03 17:24:14
-64.662,2013-10-03 17:24:14.125000
-85.643,2013-10-03 17:24:14.265000
-85.534,2013-10-03 17:24:14.390000
-62.792,2013-10-03 17:24:14.531000
-86.793,2013-10-03 17:24:14.656000
-84.713,2013-10-03 17:24:14.796000
-63.402,2013-10-03 17:24:14.968000
-63.314,2013-10-03 17:24:15.109000
-63.195,2013-10-03 17:24:15.234000
-86.854,2013-10-03 17:24:15.359000
-64.046,2013-10-03 17:24:15.500000
-65.377,2013-10-03 17:24:15.625000
-85.099,2013-10-03 17:24:15.765000
-65.862,2013-10-03 17:24:15.937000
-62.836,2013-10-03 17:24:16.078000
-63.818,2013-10-03 17:24:16.203000
-62.982,2013-10-03 17:24:16.343000
-81.898,2013-10-03 17:24:16.468000
-64.296,2013-10-03 17:24:16.609000
-83.94,2013-10-03 17:24:16.734000
-63.546,2013-10-03 17:24:16.828000
-64.533,2013-10-03 17:24:17.031000
-64.728,2013-10-03 17:24:17.187000
-62.78,2013-10-03 17:24:17.437000
-63.787,2013-10-03 17:24:17.609000
-64.162,2013-10-03 17:24:17.750000
-62.585,2013-10-03 17:24:17.875000
-82.465,2013-10-03 17:24:18.015000
-63.652,2013-10-03 17:24:18.140000
-64.488,2013-10-03 17:24:18.328000
-85.571,2013-10-03 17:24:18.453000
-85.694,2013-10-03 17:24:18.578000
-86.684,2013-10-03 17:24:18.718000
-63.372,2013-10-03 17:24:18.843000
-64.504,2013-10-03 17:24:18.984000
-64.409,2013-10-03 17:24:19.156000
-63.346,2013-10-03 17:24:19.281000
-62.349,2013-10-03 17:24:19.421000
-86.022,2013-10-03 17:24:19.562000
-86.78,2013-10-03 17:24:19.687000
-63.71,2013-10-03 17:24:19.828000
-84.434,2013-10-03 17:24:19.953000
-85.113,2013-10-03 17:24:20.046000
-64.536,2013-10-03 17:24:20.250000
-86.918,2013-10-03 17:24:20.390000
-63.389,2013-10-03 17:24:20.531000
-62.405,2013-10-03 17:24:20.671000
-65.752,2013-10-03 17:24:20.796000
-63.411,2013-10-03 17:24:20.921000
-63.762,2013-10-03 17:24:21.062000
-83.814,2013-10-03 17:24:21.234000
-85.621,2013-10-03 17:24:21.375000
-64.645,2013-10-03 17:24:21.500000
-83.319,2013-10-03 17:24:21.640000
-84.976,2013-10-03 17:24:21.765000
-63.875,2013-10-03 17:24:21.906000
-86.889,2013-10-03 17:24:22.031000
-63.072,2013-10-03 17:24:22.171000
-86.633,2013-10-03 17:24:22.343000
-84.469,2013-10-03 17:24:22.484000
-83.985,2013-10-03 17:24:22.609000
-85.713,2013-10-03 17:24:22.734000
-62.805,2013-10-03 17:24:22.875000
-65.851,2013-10-03 17:24:23.015000
-65.498,2013-10-03 17:24:23.140000
-64.216,2013-10-03 17:24:23.234000
-83.854,2013-10-03 17:24:23.437000
-64.409,2013-10-03 17:24:23.578000
-63.634,2013-10-03 17:24:23.718000
-64.77,2013-10-03 17:24:23.843000
-63.796,2013-10-03 17:24:23.984000
-63.5,2013-10-03 17:24:24.125000
-63.784,2013-10-03 17:24:24.250000
-86.182,2013-10-03 17:24:24.421000
-84.299,2013-10-03 17:24:24.562000
-86.1,2013-10-03 17:24:24.687000
-83.945,2013-10-03 17:24:24.828000
-85.018,2013-10-03 17:24:24.968000
-62.914,2013-10-03 17:24:25.093000
-64.084,2013-10-03 17:24:25.234000
-83.422,2013-10-03 17:24:25.359000
-63.6,2013-10-03 17:24:25.531000
-63.957,2013-10-03 17:24:25.671000
-65.998,2013-10-03 17:24:25.812000
-64.475,2013-10-03 17:24:25.953000
-75.849,2013-10-03 17:24:26.078000
-85.195,2013-10-03 17:24:26.218000
-62.455,2013-10-03 17:24:26.343000
-63.862,2013-10-03 17:24:26.515000
-63.952,2013-10-03 17:24:26.656000
-83.463,2013-10-03 17:24:26.796000
-62.344,2013-10-03 17:24:26.921000
-85.223,2013-10-03 17:24:27.062000
-64.399,2013-10-03 17:24:27.187000
-64.75,2013-10-03 17:24:27.328000
-65.338,2013-10-03 17:24:27.453000
-83.426,2013-10-03 17:24:27.625000
-85.056,2013-10-03 17:24:27.765000
-65.128,2013-10-03 17:24:27.890000
-66.568,2013-10-03 17:24:28.031000
-63.008,2013-10-03 17:24:28.156000
-63.945,2013-10-03 17:24:28.296000
-64.026,2013-10-03 17:24:28.421000
-85.18,2013-10-03 17:24:28.515000
-64.294,2013-10-03 17:24:28.734000
-85.358,2013-10-03 17:24:28.875000
-62.203,2013-10-03 17:24:29.031000
-85.128,2013-10-03 17:24:29.171000
-62.698,2013-10-03 17:24:29.312000
-84.305,2013-10-03 17:24:29.437000
-83.044,2013-10-03 17:24:29.578000
-84.929,2013-10-03 17:24:29.750000
-62.717,2013-10-03 17:24:29.890000
-85.009,2013-10-03 17:24:30.015000
-62.503,2013-10-03 17:24:30.156000
-63.627,2013-10-03 17:24:30.281000
-62.434,2013-10-03 17:24:30.421000
-84.517,2013-10-03 17:24:30.546000
-63.775,2013-10-03 17:24:30.687000
-84.982,2013-10-03 17:24:30.843000
-64.639,2013-10-03 17:24:30.984000
-64.693,2013-10-03 17:24:31.125000
-64.228,2013-10-03 17:24:31.250000
-88.6,2013-10-03 17:24:31.390000
-62.71,2013-10-03 17:24:31.515000
-67.191,2013-10-03 17:24:31.656000
-63.668,2013-10-03 17:24:31.750000
-64.147,2013-10-03 17:24:31.953000
-66.528,2013-10-03 17:24:32.093000
-62.335,2013-10-03 17:24:32.234000
-63.657,2013-10-03 17:24:32.359000
-83.722,2013-10-03 17:24:32.500000
-63.083,2013-10-03 17:24:32.640000
-83.335,2013-10-03 17:24:32.765000
-62.671,2013-10-03 17:24:32.937000
-64.022,2013-10-03 17:24:33.078000
-70.929,2013-10-03 17:24:33.218000
-84.848,2013-10-03 17:24:33.343000
-85.875,2013-10-03 17:24:33.484000
-63.238,2013-10-03 17:24:33.609000
-63.46,2013-10-03 17:24:33.734000
-83.716,2013-10-03 17:24:33.875000
-63.981,2013-10-03 17:24:34.046000
-62.958,2013-10-03 17:24:34.187000
-62.717,2013-10-03 17:24:34.328000
-87.276,2013-10-03 17:24:34.453000
-85.173,2013-10-03 17:24:34.593000
-84.396,2013-10-03 17:24:34.718000
-86.097,2013-10-03 17:24:34.859000
-84.727,2013-10-03 17:24:34.953000
-61.939,2013-10-03 17:24:35.156000
-63.374,2013-10-03 17:24:35.296000
-85.177,2013-10-03 17:24:35.437000
-63.007,2013-10-03 17:24:35.562000
-85.806,2013-10-03 17:24:35.703000
-64.123,2013-10-03 17:24:35.828000
-63.928,2013-10-03 17:24:35.968000
-85.659,2013-10-03 17:24:36.140000
-63.791,2013-10-03 17:24:36.281000
-63.976,2013-10-03 17:24:36.421000
-85.942,2013-10-03 17:24:36.546000
-63.28,2013-10-03 17:24:36.687000
-63.069,2013-10-03 17:24:36.812000
-64.961,2013-10-03 17:24:36.953000
-83.593,2013-10-03 17:24:37.078000
-64.661,2013-10-03 17:24:37.250000
-86.546,2013-10-03 17:24:37.390000
-65.744,2013-10-03 17:24:37.531000
-63.415,2013-10-03 17:24:37.656000
-87.345,2013-10-03 17:24:37.796000
-86.124,2013-10-03 17:24:37.921000
-64.285,2013-10-03 17:24:38.062000
-64.576,2013-10-03 17:24:38.140000
-65.921,2013-10-03 17:24:38.359000
-85.78,2013-10-03 17:24:38.500000
-65.743,2013-10-03 17:24:38.625000
-83.405,2013-10-03 17:24:38.765000
-84.461,2013-10-03 17:24:38.890000
-83.061,2013-10-03 17:24:39.015000
-64.073,2013-10-03 17:24:39.156000
-65.299,2013-10-03 17:24:39.328000
-84.236,2013-10-03 17:24:39.468000
-64.088,2013-10-03 17:24:39.593000
-84.349,2013-10-03 17:24:39.734000
-85.395,2013-10-03 17:24:39.859000
-63.659,2013-10-03 17:24:39.984000
-62.912,2013-10-03 17:24:40.125000
-84.095,2013-10-03 17:24:40.265000
-87.26,2013-10-03 17:24:40.421000
-61.764,2013-10-03 17:24:40.562000
-82.411,2013-10-03 17:24:40.703000
-62.185,2013-10-03 17:24:40.828000
-83.934,2013-10-03 17:24:40.968000
-62.589,2013-10-03 17:24:41.093000
-63.389,2013-10-03 17:24:41.234000
-86.83,2013-10-03 17:24:41.328000
-85.423,2013-10-03 17:24:41.531000
-61.231,2013-10-03 17:24:41.671000
-84.299,2013-10-03 17:24:41.796000
-84.266,2013-10-03 17:24:41.937000
-62.924,2013-10-03 17:24:42.062000
-83.305,2013-10-03 17:24:42.203000
-86.902,2013-10-03 17:24:42.328000
-62.134,2013-10-03 17:24:42.500000
-85.307,2013-10-03 17:24:42.640000
-63.222,2013-10-03 17:24:42.781000
-62.64,2013-10-03 17:24:42.906000
-84.903,2013-10-03 17:24:43.046000
-64.149,2013-10-03 17:24:43.171000
-82.803,2013-10-03 17:24:43.312000
-84.319,2013-10-03 17:24:43.437000
-83.713,2013-10-03 17:24:43.609000
-62.985,2013-10-03 17:24:43.750000
-85.478,2013-10-03 17:24:43.890000
-63.759,2013-10-03 17:24:44.015000
-63.563,2013-10-03 17:24:44.156000
-63.507,2013-10-03 17:24:44.312000
-85.242,2013-10-03 17:24:44.453000
-63.33,2013-10-03 17:24:44.625000
-64.034,2013-10-03 17:24:44.765000
-65.683,2013-10-03 17:24:44.890000
-62.142,2013-10-03 17:24:45.031000
-63.271,2013-10-03 17:24:45.156000
-63.379,2013-10-03 17:24:45.296000
-62.058,2013-10-03 17:24:45.421000
-62.973,2013-10-03 17:24:45.562000
-63.412,2013-10-03 17:24:45.734000
-63.922,2013-10-03 17:24:45.875000
-63.261,2013-10-03 17:24:46.015000
-86.396,2013-10-03 17:24:46.140000
-64.863,2013-10-03 17:24:46.281000
-62.18,2013-10-03 17:24:46.406000
-64.214,2013-10-03 17:24:46.546000
-85.46,2013-10-03 17:24:46.640000
-63.251,2013-10-03 17:24:46.796000
-62.883,2013-10-03 17:24:46.984000
-66.003,2013-10-03 17:24:47.109000
-87.051,2013-10-03 17:24:47.250000
-86.129,2013-10-03 17:24:47.375000
-64.01,2013-10-03 17:24:47.515000
-62.101,2013-10-03 17:24:47.640000
-63.896,2013-10-03 17:24:47.890000
-86.182,2013-10-03 17:24:48.031000
-62.021,2013-10-03 17:24:48.156000
-86.652,2013-10-03 17:24:48.296000
-85.23,2013-10-03 17:24:48.421000
-63.175,2013-10-03 17:24:48.546000
-84.054,2013-10-03 17:24:48.687000
-84,2013-10-03 17:24:48.937000
-63.484,2013-10-03 17:24:49.078000
-63.693,2013-10-03 17:24:49.203000
-63.202,2013-10-03 17:24:49.343000
-84.315,2013-10-03 17:24:49.468000
-63.482,2013-10-03 17:24:49.609000
-76.594,2013-10-03 17:24:49.734000
-62.335,2013-10-03 17:24:49.906000
-82.74,2013-10-03 17:24:50.046000
-84.836,2013-10-03 17:24:50.187000
-62.563,2013-10-03 17:24:50.312000
-69.086,2013-10-03 17:24:50.453000
-85.002,2013-10-03 17:24:50.578000
-63.152,2013-10-03 17:24:50.718000
-62.864,2013-10-03 17:24:50.843000
-63.187,2013-10-03 17:24:51.015000
-64.026,2013-10-03 17:24:51.156000
-82.012,2013-10-03 17:24:51.296000
-81.833,2013-10-03 17:24:51.421000
-61.203,2013-10-03 17:24:51.562000
-84.676,2013-10-03 17:24:51.687000
-85.695,2013-10-03 17:24:51.828000
-61.92,2013-10-03 17:24:51.921000
-68.9,2013-10-03 17:24:52.093000
-62.605,2013-10-03 17:24:52.281000
-85.368,2013-10-03 17:24:52.406000
-68.697,2013-10-03 17:24:52.531000
-64.21,2013-10-03 17:24:52.671000
-62.588,2013-10-03 17:24:52.796000
-83.085,2013-10-03 17:24:52.937000
-63.025,2013-10-03 17:24:53.109000
-64.023,2013-10-03 17:24:53.250000
-85.437,2013-10-03 17:24:53.375000
-83.09,2013-10-03 17:24:53.500000
-85.083,2013-10-03 17:24:53.640000
-84.495,2013-10-03 17:24:53.765000
-63.66,2013-10-03 17:24:53.906000
-64.262,2013-10-03 17:24:54.031000
-64.002,2013-10-03 17:24:54.203000
-62.067,2013-10-03 17:24:54.343000
-85.231,2013-10-03 17:24:54.484000
-85.568,2013-10-03 17:24:54.609000
-85.402,2013-10-03 17:24:54.750000
-62.808,2013-10-03 17:24:54.875000
-85.895,2013-10-03 17:24:55.015000
-83.94,2013-10-03 17:24:55.140000
-84.508,2013-10-03 17:24:55.312000
-62.547,2013-10-03 17:24:55.453000
-84.281,2013-10-03 17:24:55.593000
-62.338,2013-10-03 17:24:55.718000
-86.793,2013-10-03 17:24:55.859000
-85.558,2013-10-03 17:24:56
-63.318,2013-10-03 17:24:56.125000
-64.105,2013-10-03 17:24:56.296000
-62.883,2013-10-03 17:24:56.437000
-83.419,2013-10-03 17:24:56.578000
-86.362,2013-10-03 17:24:56.703000
-82.343,2013-10-03 17:24:56.843000
-63.395,2013-10-03 17:24:56.968000
-62.504,2013-10-03 17:24:57.109000
-87.674,2013-10-03 17:24:57.234000
-84.991,2013-10-03 17:24:57.406000
-62.999,2013-10-03 17:24:57.546000
-62.055,2013-10-03 17:24:57.671000
-63.691,2013-10-03 17:24:57.812000
-85.588,2013-10-03 17:24:57.937000
-87.192,2013-10-03 17:24:58.078000
-63.199,2013-10-03 17:24:58.203000
-62.981,2013-10-03 17:24:58.453000
-84.378,2013-10-03 17:24:58.593000
-85.888,2013-10-03 17:24:58.718000
-63.57,2013-10-03 17:24:58.859000
-64.955,2013-10-03 17:24:59
-62.876,2013-10-03 17:24:59.125000
-61.7,2013-10-03 17:24:59.250000
-87.117,2013-10-03 17:24:59.437000
-64.241,2013-10-03 17:24:59.593000
-62.746,2013-10-03 17:24:59.734000
-64.46,2013-10-03 17:24:59.859000
-64.422,2013-10-03 17:25:00
-63.661,2013-10-03 17:25:00.125000
-84.553,2013-10-03 17:25:00.265000
-85.464,2013-10-03 17:25:00.390000
-64.009,2013-10-03 17:25:00.562000
-84.446,2013-10-03 17:25:00.703000
-63.408,2013-10-03 17:25:00.828000
-63.232,2013-10-03 17:25:00.968000
-64.097,2013-10-03 17:25:01.093000
-85.307,2013-10-03 17:25:01.234000
-88.13,2013-10-03 17:25:01.359000
-64.111,2013-10-03 17:25:01.531000
-84.832,2013-10-03 17:25:01.671000
-59.714,2013-10-03 17:25:01.812000
-59.933,2013-10-03 17:25:01.953000
-59.912,2013-10-03 17:25:02.078000
-63.968,2013-10-03 17:25:02.218000
-58.596,2013-10-03 17:25:02.343000
-82.711,2013-10-03 17:25:02.484000
-59.348,2013-10-03 17:25:02.656000
-59.791,2013-10-03 17:25:02.796000
-60.634,2013-10-03 17:25:02.937000
-81.028,2013-10-03 17:25:03.062000
-61.754,2013-10-03 17:25:03.203000
-58.228,2013-10-03 17:25:03.343000
-82.479,2013-10-03 17:25:03.468000
-81.647,2013-10-03 17:25:03.640000
-82.684,2013-10-03 17:25:03.781000
-59.217,2013-10-03 17:25:03.921000
-82.781,2013-10-03 17:25:04.046000
-84.988,2013-10-03 17:25:04.187000
-60.987,2013-10-03 17:25:04.312000
-62.147,2013-10-03 17:25:04.453000
-83.634,2013-10-03 17:25:04.593000
-63.835,2013-10-03 17:25:04.765000
-62.171,2013-10-03 17:25:04.906000
-84.643,2013-10-03 17:25:05.031000
-86.72,2013-10-03 17:25:05.171000
-83.616,2013-10-03 17:25:05.296000
-82.837,2013-10-03 17:25:05.421000
-67.116,2013-10-03 17:25:05.562000
-67.222,2013-10-03 17:25:05.734000
-61.889,2013-10-03 17:25:05.875000
-61.48,2013-10-03 17:25:06.015000
-60.978,2013-10-03 17:25:06.140000
-61.339,2013-10-03 17:25:06.281000
-87.074,2013-10-03 17:25:06.406000
-83.178,2013-10-03 17:25:06.546000
-60.578,2013-10-03 17:25:06.671000
-85.538,2013-10-03 17:25:06.843000
-59.388,2013-10-03 17:25:07.015000
-84.758,2013-10-03 17:25:07.140000
-84.286,2013-10-03 17:25:07.281000
-83.239,2013-10-03 17:25:07.406000
-81.277,2013-10-03 17:25:07.546000
-61.282,2013-10-03 17:25:07.671000
-85.547,2013-10-03 17:25:07.843000
-84.87,2013-10-03 17:25:07.984000
-83.729,2013-10-03 17:25:08.125000
-67.506,2013-10-03 17:25:08.250000
-86.206,2013-10-03 17:25:08.375000
-62.441,2013-10-03 17:25:08.515000
-64.569,2013-10-03 17:25:08.656000
-63.007,2013-10-03 17:25:08.781000
-83.735,2013-10-03 17:25:08.968000
-62.278,2013-10-03 17:25:09.109000
-62.671,2013-10-03 17:25:09.234000
-64.209,2013-10-03 17:25:09.359000
-62.16,2013-10-03 17:25:09.500000
-64.018,2013-10-03 17:25:09.625000
-84.834,2013-10-03 17:25:09.765000
-61.953,2013-10-03 17:25:09.937000
-64.049,2013-10-03 17:25:10.078000
-62.428,2013-10-03 17:25:10.203000
-83.241,2013-10-03 17:25:10.343000
-62.585,2013-10-03 17:25:10.468000
-83.501,2013-10-03 17:25:10.593000
-82.879,2013-10-03 17:25:10.734000
-63.216,2013-10-03 17:25:10.859000
-62.7,2013-10-03 17:25:11.031000
-86.08,2013-10-03 17:25:11.171000
-63.997,2013-10-03 17:25:11.312000
-85.392,2013-10-03 17:25:11.437000
-86.833,2013-10-03 17:25:11.578000
-61.834,2013-10-03 17:25:11.718000
-82.402,2013-10-03 17:25:11.859000
-85.673,2013-10-03 17:25:12
-87.048,2013-10-03 17:25:12.171000
-62.337,2013-10-03 17:25:12.312000
-84.478,2013-10-03 17:25:12.437000
-85.679,2013-10-03 17:25:12.578000
-83.662,2013-10-03 17:25:12.718000
-82.98,2013-10-03 17:25:12.843000
-62.661,2013-10-03 17:25:12.984000
-85.651,2013-10-03 17:25:13.156000
-88.818,2013-10-03 17:25:13.296000
-62.256,2013-10-03 17:25:13.421000
-84.875,2013-10-03 17:25:13.562000
-65.844,2013-10-03 17:25:13.687000
-86.492,2013-10-03 17:25:13.828000
-64.011,2013-10-03 17:25:13.953000
-86.127,2013-10-03 17:25:14.093000
-85.554,2013-10-03 17:25:14.265000
-85.332,2013-10-03 17:25:14.406000
-63.618,2013-10-03 17:25:14.500000
-85.191,2013-10-03 17:25:14.687000
-87.26,2013-10-03 17:25:14.828000
-83.972,2013-10-03 17:25:14.968000
-85.082,2013-10-03 17:25:15.093000
-64.154,2013-10-03 17:25:15.265000
-84.805,2013-10-03 17:25:15.406000
-86.904,2013-10-03 17:25:15.531000
-85.142,2013-10-03 17:25:15.671000
-64.035,2013-10-03 17:25:15.796000
-86.735,2013-10-03 17:25:15.937000
-62.435,2013-10-03 17:25:16.062000
-62.484,2013-10-03 17:25:16.203000
-88.119,2013-10-03 17:25:16.359000
-64.253,2013-10-03 17:25:16.515000
-61.681,2013-10-03 17:25:16.640000
-62.272,2013-10-03 17:25:16.781000
-65.932,2013-10-03 17:25:16.906000
-62.736,2013-10-03 17:25:17.046000
-62.767,2013-10-03 17:25:17.171000
-62.984,2013-10-03 17:25:17.312000
-66.479,2013-10-03 17:25:17.484000
-83.065,2013-10-03 17:25:17.625000
-63.409,2013-10-03 17:25:17.718000
-81.501,2013-10-03 17:25:17.890000
-82.899,2013-10-03 17:25:18.031000
-63.182,2013-10-03 17:25:18.156000
-63.283,2013-10-03 17:25:18.296000
-63.416,2013-10-03 17:25:18.468000
-63.797,2013-10-03 17:25:18.609000
-83.647,2013-10-03 17:25:18.734000
-63.266,2013-10-03 17:25:18.875000
-83.69,2013-10-03 17:25:19.015000
-83.996,2013-10-03 17:25:19.140000
-64.154,2013-10-03 17:25:19.281000
-86.138,2013-10-03 17:25:19.406000
-62.386,2013-10-03 17:25:19.578000
-64.198,2013-10-03 17:25:19.718000
-65.446,2013-10-03 17:25:19.843000
-64.868,2013-10-03 17:25:19.984000
-63.207,2013-10-03 17:25:20.109000
-65.232,2013-10-03 17:25:20.250000
-87.865,2013-10-03 17:25:20.375000
-64.557,2013-10-03 17:25:20.625000
-85.183,2013-10-03 17:25:20.765000
-63.706,2013-10-03 17:25:20.890000
-63.61,2013-10-03 17:25:21.031000
-61.354,2013-10-03 17:25:21.156000
-61.076,2013-10-03 17:25:21.296000
-83.384,2013-10-03 17:25:21.437000
-85.24,2013-10-03 17:25:21.609000
-64.741,2013-10-03 17:25:21.750000
-64.243,2013-10-03 17:25:21.875000
-84.159,2013-10-03 17:25:21.968000
-63.016,2013-10-03 17:25:22.140000
-86.554,2013-10-03 17:25:22.281000
-87.278,2013-10-03 17:25:22.406000
-63.54,2013-10-03 17:25:22.546000
-63.641,2013-10-03 17:25:22.718000
-62.751,2013-10-03 17:25:22.859000
-63.03,2013-10-03 17:25:22.984000
-62.504,2013-10-03 17:25:23.125000
-84.369,2013-10-03 17:25:23.250000
-86.88,2013-10-03 17:25:23.375000
-63.506,2013-10-03 17:25:23.515000
-85.124,2013-10-03 17:25:23.687000
-84.109,2013-10-03 17:25:23.843000
-65.056,2013-10-03 17:25:23.984000
-63.942,2013-10-03 17:25:24.078000
-83.904,2013-10-03 17:25:24.250000
-87.761,2013-10-03 17:25:24.375000
-63.955,2013-10-03 17:25:24.515000
-63.104,2013-10-03 17:25:24.640000
-84.911,2013-10-03 17:25:24.812000
-83.608,2013-10-03 17:25:24.953000
-63.583,2013-10-03 17:25:25.093000
-84.683,2013-10-03 17:25:25.218000
-61.523,2013-10-03 17:25:25.343000
-82.388,2013-10-03 17:25:25.484000
-62.704,2013-10-03 17:25:25.625000
-70.094,2013-10-03 17:25:25.796000
-61.49,2013-10-03 17:25:25.937000
-65.004,2013-10-03 17:25:26.062000
-64.135,2013-10-03 17:25:26.203000
-62.647,2013-10-03 17:25:26.328000
-62.304,2013-10-03 17:25:26.468000
-82.977,2013-10-03 17:25:26.609000
-62.05,2013-10-03 17:25:26.734000
-65.954,2013-10-03 17:25:26.906000
-63.446,2013-10-03 17:25:27.046000
-64.538,2013-10-03 17:25:27.171000
-63.114,2013-10-03 17:25:27.312000
-61.63,2013-10-03 17:25:27.437000
-63.13,2013-10-03 17:25:27.578000
-61.542,2013-10-03 17:25:27.703000
-64.258,2013-10-03 17:25:27.875000
-62.429,2013-10-03 17:25:28.015000
-63.854,2013-10-03 17:25:28.156000
-61.351,2013-10-03 17:25:28.281000
-63.027,2013-10-03 17:25:28.421000
-63.43,2013-10-03 17:25:28.546000
-83.628,2013-10-03 17:25:28.687000
-66.01,2013-10-03 17:25:28.812000
-65.514,2013-10-03 17:25:28.984000
-83.297,2013-10-03 17:25:29.125000
-65.836,2013-10-03 17:25:29.265000
-85.728,2013-10-03 17:25:29.390000
-64.872,2013-10-03 17:25:29.531000
-64.034,2013-10-03 17:25:29.656000
-83.6,2013-10-03 17:25:29.796000
-85.052,2013-10-03 17:25:30
-86.376,2013-10-03 17:25:30.140000
-83.428,2013-10-03 17:25:30.265000
-64.767,2013-10-03 17:25:30.406000
-65.091,2013-10-03 17:25:30.531000
-67.105,2013-10-03 17:25:30.671000
-65.209,2013-10-03 17:25:30.796000
-64.867,2013-10-03 17:25:30.921000
-63.804,2013-10-03 17:25:31.093000
-85.391,2013-10-03 17:25:31.234000
-83.846,2013-10-03 17:25:31.375000
-64.991,2013-10-03 17:25:31.500000
-82.148,2013-10-03 17:25:31.640000
-83.781,2013-10-03 17:25:31.765000
-84.508,2013-10-03 17:25:31.906000
-65.061,2013-10-03 17:25:32.031000
-66.566,2013-10-03 17:25:32.203000
-65.557,2013-10-03 17:25:32.343000
-84.441,2013-10-03 17:25:32.484000
-85.737,2013-10-03 17:25:32.578000
-63.915,2013-10-03 17:25:32.734000
-67.961,2013-10-03 17:25:32.875000
-85.385,2013-10-03 17:25:33.015000
-88.025,2013-10-03 17:25:33.187000
-65.089,2013-10-03 17:25:33.328000
-63.659,2013-10-03 17:25:33.453000
-85.75,2013-10-03 17:25:33.593000
-85.312,2013-10-03 17:25:33.718000
-88.069,2013-10-03 17:25:33.843000
-65.095,2013-10-03 17:25:33.984000
-66.781,2013-10-03 17:25:34.109000
-65.254,2013-10-03 17:25:34.281000
-64.937,2013-10-03 17:25:34.421000
-84.672,2013-10-03 17:25:34.562000
-64.309,2013-10-03 17:25:34.687000
-64.409,2013-10-03 17:25:34.828000
-83.202,2013-10-03 17:25:34.953000
-66.708,2013-10-03 17:25:35.093000
-64.144,2013-10-03 17:25:35.218000
-84.947,2013-10-03 17:25:35.390000
-65.223,2013-10-03 17:25:35.531000
-65.576,2013-10-03 17:25:35.671000
-68.637,2013-10-03 17:25:35.765000
-68.978,2013-10-03 17:25:35.937000
-64.907,2013-10-03 17:25:36.062000
-67.002,2013-10-03 17:25:36.203000
-68.472,2013-10-03 17:25:36.375000
-81.838,2013-10-03 17:25:36.515000
-63.675,2013-10-03 17:25:36.640000
-63.993,2013-10-03 17:25:36.765000
-66.282,2013-10-03 17:25:36.906000
-84.667,2013-10-03 17:25:37.031000
-67.187,2013-10-03 17:25:37.171000
-64.226,2013-10-03 17:25:37.296000
-84.704,2013-10-03 17:25:37.468000
-85.836,2013-10-03 17:25:37.609000
-63.894,2013-10-03 17:25:37.750000
-84.969,2013-10-03 17:25:37.875000
-64.221,2013-10-03 17:25:38.015000
-65.029,2013-10-03 17:25:38.140000
-87.324,2013-10-03 17:25:38.281000
-87.694,2013-10-03 17:25:38.406000
-66.383,2013-10-03 17:25:38.578000
-65.189,2013-10-03 17:25:38.718000
-64.201,2013-10-03 17:25:38.859000
-83.021,2013-10-03 17:25:38.984000
-64.035,2013-10-03 17:25:39.125000
-65.148,2013-10-03 17:25:39.265000
-87.488,2013-10-03 17:25:39.390000
-85.414,2013-10-03 17:25:39.562000
-64.988,2013-10-03 17:25:39.703000
-65.695,2013-10-03 17:25:39.828000
-67.151,2013-10-03 17:25:39.968000
-85.908,2013-10-03 17:25:40.093000
-65.421,2013-10-03 17:25:40.234000
-88.549,2013-10-03 17:25:40.359000
-64.774,2013-10-03 17:25:40.484000
-65.703,2013-10-03 17:25:40.656000
-65.385,2013-10-03 17:25:40.796000
-87.354,2013-10-03 17:25:40.937000
-85.594,2013-10-03 17:25:41.062000
-65.466,2013-10-03 17:25:41.203000
-87.251,2013-10-03 17:25:41.328000
-63.966,2013-10-03 17:25:41.468000
-84.939,2013-10-03 17:25:41.640000
-86.11,2013-10-03 17:25:41.781000
-66.732,2013-10-03 17:25:41.906000
-65.361,2013-10-03 17:25:42.046000
-65.161,2013-10-03 17:25:42.140000
-64.603,2013-10-03 17:25:42.312000
-66.77,2013-10-03 17:25:42.437000
-65.846,2013-10-03 17:25:42.578000
-83.609,2013-10-03 17:25:42.750000
-64.193,2013-10-03 17:25:42.890000
-64.88,2013-10-03 17:25:43.015000
-84.686,2013-10-03 17:25:43.156000
-63.383,2013-10-03 17:25:43.281000
-64.296,2013-10-03 17:25:43.421000
-84.084,2013-10-03 17:25:43.546000
-86.637,2013-10-03 17:25:43.718000
-85.268,2013-10-03 17:25:43.859000
-64.677,2013-10-03 17:25:44
-86.573,2013-10-03 17:25:44.125000
-69.046,2013-10-03 17:25:44.265000
-85.422,2013-10-03 17:25:44.390000
-85.211,2013-10-03 17:25:44.531000
-83.833,2013-10-03 17:25:44.656000
-84.887,2013-10-03 17:25:44.828000
-86.386,2013-10-03 17:25:44.968000
-63.853,2013-10-03 17:25:45.125000
-86.602,2013-10-03 17:25:45.265000
-88.102,2013-10-03 17:25:45.390000
-85.912,2013-10-03 17:25:45.531000
-63.132,2013-10-03 17:25:45.656000
-64.039,2013-10-03 17:25:45.781000
-63.03,2013-10-03 17:25:45.953000
-85.817,2013-10-03 17:25:46.093000
-67.301,2013-10-03 17:25:46.234000
-85.704,2013-10-03 17:25:46.359000
-85.692,2013-10-03 17:25:46.500000
-87.617,2013-10-03 17:25:46.625000
-64.492,2013-10-03 17:25:46.765000
-65.345,2013-10-03 17:25:46.937000
-86.021,2013-10-03 17:25:47.078000
-63.787,2013-10-03 17:25:47.203000
-85.29,2013-10-03 17:25:47.343000
-64.284,2013-10-03 17:25:47.437000
-63.2,2013-10-03 17:25:47.609000
-64.574,2013-10-03 17:25:47.734000
-64.92,2013-10-03 17:25:47.875000
-84.662,2013-10-03 17:25:48.046000
-85.941,2013-10-03 17:25:48.187000
-87.225,2013-10-03 17:25:48.312000
-83.362,2013-10-03 17:25:48.453000
-64.627,2013-10-03 17:25:48.578000
-85.115,2013-10-03 17:25:48.718000
-88.224,2013-10-03 17:25:48.843000
-86.015,2013-10-03 17:25:49.015000
-69.1,2013-10-03 17:25:49.156000
-86.347,2013-10-03 17:25:49.296000
-64.898,2013-10-03 17:25:49.421000
-84.77,2013-10-03 17:25:49.546000
-63.233,2013-10-03 17:25:49.687000
-63.675,2013-10-03 17:25:49.812000
-63.631,2013-10-03 17:25:49.953000
-63.251,2013-10-03 17:25:50.109000
-65.685,2013-10-03 17:25:50.250000
-86.548,2013-10-03 17:25:50.390000
-85.649,2013-10-03 17:25:50.515000
-67.644,2013-10-03 17:25:50.656000
-86.512,2013-10-03 17:25:50.781000
-85.237,2013-10-03 17:25:50.921000
-66.286,2013-10-03 17:25:51.062000
-85.366,2013-10-03 17:25:51.234000
-85.15,2013-10-03 17:25:51.375000
-85.893,2013-10-03 17:25:51.515000
-62.594,2013-10-03 17:25:51.640000
-62.437,2013-10-03 17:25:51.781000
-62.42,2013-10-03 17:25:51.906000
-63.061,2013-10-03 17:25:52.046000
-84.122,2013-10-03 17:25:52.218000
-84.362,2013-10-03 17:25:52.359000
-62.834,2013-10-03 17:25:52.484000
-62.49,2013-10-03 17:25:52.625000
-85.502,2013-10-03 17:25:52.750000
-63.652,2013-10-03 17:25:52.890000
-63.043,2013-10-03 17:25:53.015000
-62.623,2013-10-03 17:25:53.156000
-62.003,2013-10-03 17:25:53.328000
-61.871,2013-10-03 17:25:53.468000
-61.553,2013-10-03 17:25:53.609000
-86.226,2013-10-03 17:25:53.734000
-62.599,2013-10-03 17:25:53.828000
-61.619,2013-10-03 17:25:54
-62.697,2013-10-03 17:25:54.140000
-62.164,2013-10-03 17:25:54.312000
-63.602,2013-10-03 17:25:54.453000
-63.318,2013-10-03 17:25:54.578000
-62.286,2013-10-03 17:25:54.703000
-62.135,2013-10-03 17:25:54.843000
-61.873,2013-10-03 17:25:54.968000
-62.397,2013-10-03 17:25:55.109000
-83.772,2013-10-03 17:25:55.234000
-61.898,2013-10-03 17:25:55.406000
-82.974,2013-10-03 17:25:55.546000
-62.676,2013-10-03 17:25:55.687000
-83.545,2013-10-03 17:25:55.812000
-85.94,2013-10-03 17:25:55.953000
-83.388,2013-10-03 17:25:56.078000
-84.489,2013-10-03 17:25:56.218000
-62.709,2013-10-03 17:25:56.343000
-61.477,2013-10-03 17:25:56.515000
-62.398,2013-10-03 17:25:56.656000
-61.956,2013-10-03 17:25:56.796000
-62.085,2013-10-03 17:25:56.921000
-84.795,2013-10-03 17:25:57.015000
-84.757,2013-10-03 17:25:57.187000
-62.304,2013-10-03 17:25:57.328000
-85.517,2013-10-03 17:25:57.500000
-62.001,2013-10-03 17:25:57.640000
-62.827,2013-10-03 17:25:57.765000
-84.986,2013-10-03 17:25:57.906000
-61.013,2013-10-03 17:25:58.031000
-61.458,2013-10-03 17:25:58.171000
-84.828,2013-10-03 17:25:58.312000
-85.125,2013-10-03 17:25:58.437000
-84.237,2013-10-03 17:25:58.609000
-62.989,2013-10-03 17:25:58.750000
-61.923,2013-10-03 17:25:58.875000
-85.295,2013-10-03 17:25:59.015000
-64.97,2013-10-03 17:25:59.140000
-62.976,2013-10-03 17:25:59.281000
-86.426,2013-10-03 17:25:59.406000
-83.918,2013-10-03 17:25:59.578000
-61.855,2013-10-03 17:25:59.718000
-64.385,2013-10-03 17:25:59.859000
-86.204,2013-10-03 17:25:59.984000
-61.583,2013-10-03 17:26:00.125000
-83.706,2013-10-03 17:26:00.218000
-61.489,2013-10-03 17:26:00.421000
-62.004,2013-10-03 17:26:00.562000
-63.153,2013-10-03 17:26:00.687000
-85.089,2013-10-03 17:26:00.875000
-84.328,2013-10-03 17:26:01
-61.408,2013-10-03 17:26:01.140000
-83.229,2013-10-03 17:26:01.265000
-85.085,2013-10-03 17:26:01.406000
-85.962,2013-10-03 17:26:01.531000
-83.841,2013-10-03 17:26:01.703000
-84.568,2013-10-03 17:26:01.843000
-85.552,2013-10-03 17:26:01.984000
-62.181,2013-10-03 17:26:02.125000
-85.315,2013-10-03 17:26:02.250000
-86.56,2013-10-03 17:26:02.343000
-65.513,2013-10-03 17:26:02.515000
-61.158,2013-10-03 17:26:02.640000
-84.458,2013-10-03 17:26:02.812000
-61.236,2013-10-03 17:26:02.953000
-84.134,2013-10-03 17:26:03.093000
-63.065,2013-10-03 17:26:03.218000
-85.479,2013-10-03 17:26:03.359000
-82.821,2013-10-03 17:26:03.484000
-84.967,2013-10-03 17:26:03.625000
-83.375,2013-10-03 17:26:03.781000
-64.154,2013-10-03 17:26:03.921000
-64.078,2013-10-03 17:26:04.062000
-64.641,2013-10-03 17:26:04.187000
-62.568,2013-10-03 17:26:04.328000
-84.197,2013-10-03 17:26:04.453000
-65.928,2013-10-03 17:26:04.593000
-64.686,2013-10-03 17:26:04.718000
-66.751,2013-10-03 17:26:04.890000
-84.877,2013-10-03 17:26:05.031000
-83.15,2013-10-03 17:26:05.171000
-85.64,2013-10-03 17:26:05.296000
-82.802,2013-10-03 17:26:05.437000
-65.692,2013-10-03 17:26:05.531000
-83.432,2013-10-03 17:26:05.703000
-64.587,2013-10-03 17:26:05.875000
-65.126,2013-10-03 17:26:06.015000
-64.268,2013-10-03 17:26:06.156000
-81.674,2013-10-03 17:26:06.281000
-63.215,2013-10-03 17:26:06.421000
-82.575,2013-10-03 17:26:06.546000
-64.686,2013-10-03 17:26:06.687000
-65.004,2013-10-03 17:26:06.812000
-62.822,2013-10-03 17:26:06.984000
-67.424,2013-10-03 17:26:07.125000
-86.367,2013-10-03 17:26:07.265000
-88.554,2013-10-03 17:26:07.390000
-64.262,2013-10-03 17:26:07.531000
-83.711,2013-10-03 17:26:07.656000
-64.585,2013-10-03 17:26:07.796000
-63.412,2013-10-03 17:26:07.953000
-64.036,2013-10-03 17:26:08.093000
-65.435,2013-10-03 17:26:08.234000
-86.922,2013-10-03 17:26:08.359000
-62.653,2013-10-03 17:26:08.500000
-85.677,2013-10-03 17:26:08.625000
-82.155,2013-10-03 17:26:08.718000
-63.145,2013-10-03 17:26:08.890000
-64.437,2013-10-03 17:26:09.062000
-63.961,2013-10-03 17:26:09.203000
-64.057,2013-10-03 17:26:09.343000
-81.746,2013-10-03 17:26:09.468000
-65.989,2013-10-03 17:26:09.609000
-63.016,2013-10-03 17:26:09.734000
-85.602,2013-10-03 17:26:09.875000
-64.166,2013-10-03 17:26:10.046000
-84.105,2013-10-03 17:26:10.187000
-63.838,2013-10-03 17:26:10.328000
-63.903,2013-10-03 17:26:10.453000
-63.41,2013-10-03 17:26:10.593000
-63.288,2013-10-03 17:26:10.718000
-84.681,2013-10-03 17:26:10.859000
-66.219,2013-10-03 17:26:10.984000
-62.819,2013-10-03 17:26:11.156000
-63.387,2013-10-03 17:26:11.296000
-69.078,2013-10-03 17:26:11.437000
-84.135,2013-10-03 17:26:11.562000
-62.305,2013-10-03 17:26:11.703000
-84.347,2013-10-03 17:26:11.843000
-60.469,2013-10-03 17:26:11.968000
-63,2013-10-03 17:26:12.140000
-85.252,2013-10-03 17:26:12.281000
-70.227,2013-10-03 17:26:12.421000
-84.849,2013-10-03 17:26:12.546000
-60.649,2013-10-03 17:26:12.687000
-66.074,2013-10-03 17:26:12.812000
-82.739,2013-10-03 17:26:12.937000
-62.331,2013-10-03 17:26:13.078000
-62.716,2013-10-03 17:26:13.250000
-90.607,2013-10-03 17:26:13.390000
-60.824,2013-10-03 17:26:13.515000
-62.004,2013-10-03 17:26:13.656000
-61.943,2013-10-03 17:26:13.781000
-61.733,2013-10-03 17:26:13.921000
-61.167,2013-10-03 17:26:14.015000
-61.507,2013-10-03 17:26:14.187000
-86.258,2013-10-03 17:26:14.359000
-85.275,2013-10-03 17:26:14.500000
-84.662,2013-10-03 17:26:14.640000
-62.122,2013-10-03 17:26:14.765000
-85.367,2013-10-03 17:26:14.906000
-83.201,2013-10-03 17:26:15.031000
-62.975,2013-10-03 17:26:15.171000
-62.602,2013-10-03 17:26:15.343000
-84.657,2013-10-03 17:26:15.500000
-83.817,2013-10-03 17:26:15.640000
-61.861,2013-10-03 17:26:15.781000
-84.418,2013-10-03 17:26:15.921000
-61.999,2013-10-03 17:26:16.046000
-63.135,2013-10-03 17:26:16.187000
-86.349,2013-10-03 17:26:16.312000
-84.498,2013-10-03 17:26:16.484000
-63.156,2013-10-03 17:26:16.625000
-62.862,2013-10-03 17:26:16.750000
-85.581,2013-10-03 17:26:16.890000
-62.117,2013-10-03 17:26:17.015000
-85.38,2013-10-03 17:26:17.156000
-84.687,2013-10-03 17:26:17.281000
-62.786,2013-10-03 17:26:17.453000
-84.33,2013-10-03 17:26:17.593000
-85.058,2013-10-03 17:26:17.734000
-63.158,2013-10-03 17:26:17.859000
-62.655,2013-10-03 17:26:18
-61.776,2013-10-03 17:26:18.140000
-61.804,2013-10-03 17:26:18.265000
-61.873,2013-10-03 17:26:18.406000
-62.784,2013-10-03 17:26:18.578000
-84.173,2013-10-03 17:26:18.718000
-85.937,2013-10-03 17:26:18.843000
-62.513,2013-10-03 17:26:18.984000
-61.818,2013-10-03 17:26:19.109000
-84.698,2013-10-03 17:26:19.250000
-87.784,2013-10-03 17:26:19.375000
-65.222,2013-10-03 17:26:19.546000
-84.416,2013-10-03 17:26:19.687000
-62.499,2013-10-03 17:26:19.828000
-62.816,2013-10-03 17:26:19.968000
-61.831,2013-10-03 17:26:20.093000
-62.153,2013-10-03 17:26:20.234000
-62.412,2013-10-03 17:26:20.359000
-60.733,2013-10-03 17:26:20.500000
-80.88,2013-10-03 17:26:20.671000
-61.038,2013-10-03 17:26:20.812000
-84.585,2013-10-03 17:26:20.937000
-84.832,2013-10-03 17:26:21.078000
-85.611,2013-10-03 17:26:21.203000
-83.696,2013-10-03 17:26:21.343000
-86.204,2013-10-03 17:26:21.468000
-85.426,2013-10-03 17:26:21.640000
-75.068,2013-10-03 17:26:21.781000
-62.801,2013-10-03 17:26:21.906000
-62.953,2013-10-03 17:26:22.046000
-63.176,2013-10-03 17:26:22.171000
-63.241,2013-10-03 17:26:22.312000
-63.262,2013-10-03 17:26:22.453000
-61.753,2013-10-03 17:26:22.578000
-60.908,2013-10-03 17:26:22.750000
-62.479,2013-10-03 17:26:22.890000
-62.83,2013-10-03 17:26:23.031000
-62.42,2013-10-03 17:26:23.156000
-69.089,2013-10-03 17:26:23.296000
-86.322,2013-10-03 17:26:23.421000
-84.27,2013-10-03 17:26:23.515000
-62.388,2013-10-03 17:26:23.734000
-63.213,2013-10-03 17:26:23.875000
-66.985,2013-10-03 17:26:24
-84.313,2013-10-03 17:26:24.140000
-82.789,2013-10-03 17:26:24.281000
-64.604,2013-10-03 17:26:24.406000
-63.231,2013-10-03 17:26:24.546000
-84.838,2013-10-03 17:26:24.671000
-84.598,2013-10-03 17:26:24.843000
-83.574,2013-10-03 17:26:24.984000
-84.29,2013-10-03 17:26:25.125000
-61.847,2013-10-03 17:26:25.250000
-88.2,2013-10-03 17:26:25.390000
-60.972,2013-10-03 17:26:25.515000
-61.416,2013-10-03 17:26:25.656000
-61.204,2013-10-03 17:26:25.812000
-62.773,2013-10-03 17:26:25.953000
-63.272,2013-10-03 17:26:26.093000
-61.889,2013-10-03 17:26:26.218000
-63.318,2013-10-03 17:26:26.359000
-84.545,2013-10-03 17:26:26.484000
-81.833,2013-10-03 17:26:26.625000
-84.885,2013-10-03 17:26:26.750000
-61.954,2013-10-03 17:26:26.921000
-61.456,2013-10-03 17:26:27.062000
-62.316,2013-10-03 17:26:27.203000
-62.675,2013-10-03 17:26:27.328000
-86.16,2013-10-03 17:26:27.468000
-84.714,2013-10-03 17:26:27.593000
-63.95,2013-10-03 17:26:27.734000
-85.062,2013-10-03 17:26:27.828000
-65.688,2013-10-03 17:26:28
-83.831,2013-10-03 17:26:28.171000
-62.681,2013-10-03 17:26:28.312000
-84.037,2013-10-03 17:26:28.437000
-62.534,2013-10-03 17:26:28.578000
-85.693,2013-10-03 17:26:28.718000
-85.872,2013-10-03 17:26:28.843000
-62.649,2013-10-03 17:26:29.015000
-84.413,2013-10-03 17:26:29.156000
-61.711,2013-10-03 17:26:29.296000
-85.714,2013-10-03 17:26:29.421000
-85.95,2013-10-03 17:26:29.562000
-62.126,2013-10-03 17:26:29.687000
-66.055,2013-10-03 17:26:29.828000
-85.49,2013-10-03 17:26:29.953000
-84.437,2013-10-03 17:26:30.125000
-63.704,2013-10-03 17:26:30.265000
-84.835,2013-10-03 17:26:30.406000
-62.719,2013-10-03 17:26:30.531000
-62.99,2013-10-03 17:26:30.671000
-62.27,2013-10-03 17:26:30.828000
-85.086,2013-10-03 17:26:30.953000
-63.055,2013-10-03 17:26:31.125000
-85.186,2013-10-03 17:26:31.265000
-70.068,2013-10-03 17:26:31.406000
-63.744,2013-10-03 17:26:31.546000
-64.467,2013-10-03 17:26:31.671000
-62.643,2013-10-03 17:26:31.812000
-63.203,2013-10-03 17:26:31.937000
-62.918,2013-10-03 17:26:32.031000
-63.084,2013-10-03 17:26:32.250000
-84.322,2013-10-03 17:26:32.390000
-85.488,2013-10-03 17:26:32.515000
-62.162,2013-10-03 17:26:32.656000
-62.248,2013-10-03 17:26:32.781000
-62.227,2013-10-03 17:26:32.921000
-85.619,2013-10-03 17:26:33.046000
-64.427,2013-10-03 17:26:33.296000
-63.468,2013-10-03 17:26:33.437000
-63.408,2013-10-03 17:26:33.562000
-86.189,2013-10-03 17:26:33.703000
-86.34,2013-10-03 17:26:33.828000
-84.624,2013-10-03 17:26:33.968000
-65.195,2013-10-03 17:26:34.093000
-64.285,2013-10-03 17:26:34.343000
-62.915,2013-10-03 17:26:34.484000
-61.748,2013-10-03 17:26:34.609000
-72.391,2013-10-03 17:26:34.750000
-62.457,2013-10-03 17:26:34.875000
-84.868,2013-10-03 17:26:35
-62.494,2013-10-03 17:26:35.140000
-64.737,2013-10-03 17:26:35.390000
-64.132,2013-10-03 17:26:35.531000
-63.982,2013-10-03 17:26:35.656000
-85.253,2013-10-03 17:26:35.796000
-63.355,2013-10-03 17:26:35.921000
-64.199,2013-10-03 17:26:36.046000
-62.957,2013-10-03 17:26:36.187000
-83.653,2013-10-03 17:26:36.421000
-64.057,2013-10-03 17:26:36.562000
-84.513,2013-10-03 17:26:36.703000
-81.918,2013-10-03 17:26:36.828000
-85.781,2013-10-03 17:26:36.968000
-63.87,2013-10-03 17:26:37.093000
-84.76,2013-10-03 17:26:37.234000
-61.727,2013-10-03 17:26:37.468000
-84.353,2013-10-03 17:26:37.609000
-84.226,2013-10-03 17:26:37.750000
-84.951,2013-10-03 17:26:37.875000
-62.697,2013-10-03 17:26:38.015000
-61.871,2013-10-03 17:26:38.140000
-62.41,2013-10-03 17:26:38.281000
-64.614,2013-10-03 17:26:38.515000
-84.085,2013-10-03 17:26:38.656000
-65.94,2013-10-03 17:26:38.796000
-63.353,2013-10-03 17:26:38.921000
-85.334,2013-10-03 17:26:39.062000
-62.648,2013-10-03 17:26:39.187000
-62.358,2013-10-03 17:26:39.328000
-85.584,2013-10-03 17:26:39.562000
-62.461,2013-10-03 17:26:39.703000
-85.586,2013-10-03 17:26:39.843000
-73.495,2013-10-03 17:26:39.968000
-86.814,2013-10-03 17:26:40.109000
-70.969,2013-10-03 17:26:40.234000
-62.861,2013-10-03 17:26:40.359000
-85.745,2013-10-03 17:26:40.609000
-61.48,2013-10-03 17:26:40.750000
-84.364,2013-10-03 17:26:40.875000
-63.344,2013-10-03 17:26:41.015000
-63.764,2013-10-03 17:26:41.140000
-62.515,2013-10-03 17:26:41.281000
-64.189,2013-10-03 17:26:41.406000
-63.486,2013-10-03 17:26:41.656000
-63.963,2013-10-03 17:26:41.796000
-64.931,2013-10-03 17:26:41.937000
-64.92,2013-10-03 17:26:42.062000
-78.259,2013-10-03 17:26:42.203000
-64.973,2013-10-03 17:26:42.328000
-84.477,2013-10-03 17:26:42.468000
-82.467,2013-10-03 17:26:42.640000
-61.752,2013-10-03 17:26:42.781000
-63.88,2013-10-03 17:26:42.906000
-85.73,2013-10-03 17:26:43.031000
-64.88,2013-10-03 17:26:43.171000
-63.667,2013-10-03 17:26:43.296000
-86.155,2013-10-03 17:26:43.437000
-67.608,2013-10-03 17:26:43.562000
-86.839,2013-10-03 17:26:43.734000
-84.527,2013-10-03 17:26:43.875000
-63.224,2013-10-03 17:26:44.015000
-84.049,2013-10-03 17:26:44.140000
-62.767,2013-10-03 17:26:44.281000
-64.686,2013-10-03 17:26:44.421000
-65.723,2013-10-03 17:26:44.546000
-83.763,2013-10-03 17:26:44.640000
-86.178,2013-10-03 17:26:44.859000
-63.046,2013-10-03 17:26:44.984000
-62.532,2013-10-03 17:26:45.125000
-64.326,2013-10-03 17:26:45.250000
-87.055,2013-10-03 17:26:45.390000
-85.444,2013-10-03 17:26:45.515000
-61.835,2013-10-03 17:26:45.656000
-62.174,2013-10-03 17:26:45.828000
-82.331,2013-10-03 17:26:45.968000
-63.071,2013-10-03 17:26:46.093000
-86.036,2013-10-03 17:26:46.234000
-83.957,2013-10-03 17:26:46.390000
-63.663,2013-10-03 17:26:46.531000
-64.478,2013-10-03 17:26:46.656000
-63.987,2013-10-03 17:26:46.796000
-85.211,2013-10-03 17:26:46.921000
-84.097,2013-10-03 17:26:47.109000
-63.367,2013-10-03 17:26:47.234000
-68.763,2013-10-03 17:26:47.359000
-87.163,2013-10-03 17:26:47.500000
-84.99,2013-10-03 17:26:47.625000
-63.85,2013-10-03 17:26:47.765000
-64.211,2013-10-03 17:26:47.937000
-62.892,2013-10-03 17:26:48.078000
-84.637,2013-10-03 17:26:48.203000
-86.039,2013-10-03 17:26:48.343000
-86.391,2013-10-03 17:26:48.468000
-62.921,2013-10-03 17:26:48.609000
-63.659,2013-10-03 17:26:48.734000
-84.529,2013-10-03 17:26:48.828000
-62.575,2013-10-03 17:26:49.031000
-63.458,2013-10-03 17:26:49.187000
-85.528,2013-10-03 17:26:49.312000
-86.348,2013-10-03 17:26:49.453000
-62.637,2013-10-03 17:26:49.578000
-84.447,2013-10-03 17:26:49.718000
-62.647,2013-10-03 17:26:49.843000
-63.449,2013-10-03 17:26:50.015000
-63.429,2013-10-03 17:26:50.156000
-63.736,2013-10-03 17:26:50.296000
-84.184,2013-10-03 17:26:50.421000
-86.362,2013-10-03 17:26:50.562000
-64.863,2013-10-03 17:26:50.687000
-87.887,2013-10-03 17:26:50.812000
-85.023,2013-10-03 17:26:50.953000
-83.835,2013-10-03 17:26:51.125000
-61.934,2013-10-03 17:26:51.265000
-87.035,2013-10-03 17:26:51.390000
-63.063,2013-10-03 17:26:51.515000
-85.546,2013-10-03 17:26:51.656000
-63.952,2013-10-03 17:26:51.781000
-83.938,2013-10-03 17:26:51.921000
-62.463,2013-10-03 17:26:52.046000
-64.611,2013-10-03 17:26:52.218000
-66.964,2013-10-03 17:26:52.359000
-84.372,2013-10-03 17:26:52.484000
-65.098,2013-10-03 17:26:52.625000
-64.285,2013-10-03 17:26:52.765000
-63.307,2013-10-03 17:26:52.890000
-83.226,2013-10-03 17:26:53.031000
-62.56,2013-10-03 17:26:53.109000
-84.109,2013-10-03 17:26:53.328000
-62.867,2013-10-03 17:26:53.468000
-85.988,2013-10-03 17:26:53.609000
-83.958,2013-10-03 17:26:53.734000
-84.238,2013-10-03 17:26:53.859000
-63.673,2013-10-03 17:26:54
-63.045,2013-10-03 17:26:54.125000
-62.971,2013-10-03 17:26:54.296000
-88.328,2013-10-03 17:26:54.437000
-62.521,2013-10-03 17:26:54.578000
-84.704,2013-10-03 17:26:54.703000
-83.954,2013-10-03 17:26:54.828000
-62.962,2013-10-03 17:26:54.968000
-64.95,2013-10-03 17:26:55.093000
-84.606,2013-10-03 17:26:55.234000
-61.671,2013-10-03 17:26:55.406000
-64.23,2013-10-03 17:26:55.546000
-83.445,2013-10-03 17:26:55.671000
-83.811,2013-10-03 17:26:55.812000
-63.891,2013-10-03 17:26:55.937000
-88.321,2013-10-03 17:26:56.078000
-63.457,2013-10-03 17:26:56.218000
-85.407,2013-10-03 17:26:56.296000
-84.216,2013-10-03 17:26:56.515000
-86.794,2013-10-03 17:26:56.656000
-70.031,2013-10-03 17:26:56.781000
-64.461,2013-10-03 17:26:56.921000
-62.754,2013-10-03 17:26:57.046000
-64.1,2013-10-03 17:26:57.187000
-62.611,2013-10-03 17:26:57.328000
-62.346,2013-10-03 17:26:57.484000
-83.464,2013-10-03 17:26:57.625000
-84.128,2013-10-03 17:26:57.765000
-82.375,2013-10-03 17:26:57.890000
-84.139,2013-10-03 17:26:58.031000
-82.703,2013-10-03 17:26:58.156000
-62.602,2013-10-03 17:26:58.296000
-62.288,2013-10-03 17:26:58.421000
-61.945,2013-10-03 17:26:58.593000
-62.028,2013-10-03 17:26:58.734000
-84.589,2013-10-03 17:26:58.875000
-61.68,2013-10-03 17:26:59
-66.986,2013-10-03 17:26:59.140000
-63.207,2013-10-03 17:26:59.265000
-86.26,2013-10-03 17:26:59.406000
-84.557,2013-10-03 17:26:59.500000
-63.238,2013-10-03 17:26:59.703000
-62.993,2013-10-03 17:26:59.843000
-64.206,2013-10-03 17:26:59.968000
-61.533,2013-10-03 17:27:00.109000
-63.38,2013-10-03 17:27:00.250000
-87.486,2013-10-03 17:27:00.375000
-64.392,2013-10-03 17:27:00.515000
-83.85,2013-10-03 17:27:00.671000
-63.529,2013-10-03 17:27:00.812000
-85.139,2013-10-03 17:27:00.953000
-64.288,2013-10-03 17:27:01.078000
-85.194,2013-10-03 17:27:01.218000
-87.064,2013-10-03 17:27:01.343000
-61.921,2013-10-03 17:27:01.500000
-85.367,2013-10-03 17:27:01.640000
-62.698,2013-10-03 17:27:01.812000
-84.325,2013-10-03 17:27:01.953000
-63.509,2013-10-03 17:27:02.093000
-63.462,2013-10-03 17:27:02.218000
-85.072,2013-10-03 17:27:02.359000
-86.977,2013-10-03 17:27:02.484000
-86.322,2013-10-03 17:27:02.609000
-82.994,2013-10-03 17:27:02.781000
-83.954,2013-10-03 17:27:02.921000
-62.863,2013-10-03 17:27:03.062000
-84.444,2013-10-03 17:27:03.187000
-63.637,2013-10-03 17:27:03.328000
-85.636,2013-10-03 17:27:03.453000
-63.599,2013-10-03 17:27:03.593000
-84.929,2013-10-03 17:27:03.718000
-84.643,2013-10-03 17:27:03.890000
-61.434,2013-10-03 17:27:04.031000
-64.016,2013-10-03 17:27:04.171000
-64.184,2013-10-03 17:27:04.296000
-85.469,2013-10-03 17:27:04.437000
-85.36,2013-10-03 17:27:04.562000
-64.827,2013-10-03 17:27:04.703000
-63.471,2013-10-03 17:27:04.875000
-62.308,2013-10-03 17:27:05.015000
-63.227,2013-10-03 17:27:05.156000
-62.939,2013-10-03 17:27:05.281000
-88.243,2013-10-03 17:27:05.421000
-85.703,2013-10-03 17:27:05.546000
-63.711,2013-10-03 17:27:05.687000
-63.1,2013-10-03 17:27:05.812000
-84.872,2013-10-03 17:27:05.984000
-83.9,2013-10-03 17:27:06.125000
-63.652,2013-10-03 17:27:06.250000
-89.078,2013-10-03 17:27:06.390000
-62.95,2013-10-03 17:27:06.515000
-62.976,2013-10-03 17:27:06.640000
-84.432,2013-10-03 17:27:06.781000
-62.382,2013-10-03 17:27:07.031000
-62.54,2013-10-03 17:27:07.171000
-64.911,2013-10-03 17:27:07.296000
-82.284,2013-10-03 17:27:07.437000
-83.235,2013-10-03 17:27:07.578000
-62.009,2013-10-03 17:27:07.703000
-64.423,2013-10-03 17:27:07.843000
-84.3,2013-10-03 17:27:08
-62.605,2013-10-03 17:27:08.156000
-62.966,2013-10-03 17:27:08.281000
-63.792,2013-10-03 17:27:08.406000
-62.495,2013-10-03 17:27:08.546000
-84.119,2013-10-03 17:27:08.671000
-83.994,2013-10-03 17:27:08.812000
-62.612,2013-10-03 17:27:08.937000
-62.787,2013-10-03 17:27:09.109000
-84.496,2013-10-03 17:27:09.250000
-85.641,2013-10-03 17:27:09.375000
-70.794,2013-10-03 17:27:09.515000
-62.858,2013-10-03 17:27:09.640000
-72.434,2013-10-03 17:27:09.781000
-61.877,2013-10-03 17:27:09.906000
-61.019,2013-10-03 17:27:10.046000
-63.795,2013-10-03 17:27:10.218000
-85.263,2013-10-03 17:27:10.343000
-84.956,2013-10-03 17:27:10.484000
-61.439,2013-10-03 17:27:10.625000
-63.098,2013-10-03 17:27:10.750000
-63.046,2013-10-03 17:27:10.890000
-63.023,2013-10-03 17:27:11.015000
-84.171,2013-10-03 17:27:11.156000
-83.147,2013-10-03 17:27:11.328000
-85.034,2013-10-03 17:27:11.468000
-70.955,2013-10-03 17:27:11.593000
-86.702,2013-10-03 17:27:11.718000
-83.436,2013-10-03 17:27:11.859000
-85.571,2013-10-03 17:27:11.984000
-84.02,2013-10-03 17:27:12.125000
-84.995,2013-10-03 17:27:12.296000
-62.54,2013-10-03 17:27:12.437000
-62.442,2013-10-03 17:27:12.562000
-85.272,2013-10-03 17:27:12.687000
-84.973,2013-10-03 17:27:12.828000
-62.171,2013-10-03 17:27:12.953000
-66.688,2013-10-03 17:27:13.093000
-62.771,2013-10-03 17:27:13.218000
-62.714,2013-10-03 17:27:13.390000
-85.722,2013-10-03 17:27:13.531000
-61.259,2013-10-03 17:27:13.671000
-83.861,2013-10-03 17:27:13.796000
-62.623,2013-10-03 17:27:13.937000
-62.924,2013-10-03 17:27:14.078000
-63.219,2013-10-03 17:27:14.203000
-61.858,2013-10-03 17:27:14.343000
-83.93,2013-10-03 17:27:14.515000
-61.924,2013-10-03 17:27:14.656000
-63.655,2013-10-03 17:27:14.781000
-63.249,2013-10-03 17:27:14.921000
-63.772,2013-10-03 17:27:15.046000
-63.797,2013-10-03 17:27:15.187000
-65.092,2013-10-03 17:27:15.312000
-62.944,2013-10-03 17:27:15.484000
-62.238,2013-10-03 17:27:15.625000
-86.053,2013-10-03 17:27:15.765000
-63.014,2013-10-03 17:27:15.890000
-61.51,2013-10-03 17:27:16.031000
-83.266,2013-10-03 17:27:16.156000
-63.064,2013-10-03 17:27:16.296000
-61.107,2013-10-03 17:27:16.421000
-84.772,2013-10-03 17:27:16.593000
-86.106,2013-10-03 17:27:16.765000
-84.415,2013-10-03 17:27:16.906000
-62.515,2013-10-03 17:27:17.031000
-62.795,2013-10-03 17:27:17.171000
-85.915,2013-10-03 17:27:17.296000
-82.824,2013-10-03 17:27:17.437000
-86.442,2013-10-03 17:27:17.609000
-62.36,2013-10-03 17:27:17.750000
-62.681,2013-10-03 17:27:17.890000
-62.696,2013-10-03 17:27:18.015000
-61.408,2013-10-03 17:27:18.156000
-86.967,2013-10-03 17:27:18.296000
-83.887,2013-10-03 17:27:18.421000
-63.264,2013-10-03 17:27:18.562000
-62.736,2013-10-03 17:27:18.734000
-83.717,2013-10-03 17:27:18.875000
-65.137,2013-10-03 17:27:19
-86.098,2013-10-03 17:27:19.140000
-63.182,2013-10-03 17:27:19.265000
-83.663,2013-10-03 17:27:19.406000
-85.428,2013-10-03 17:27:19.531000
-84.842,2013-10-03 17:27:19.703000
-86.547,2013-10-03 17:27:19.843000
-62.285,2013-10-03 17:27:19.937000
-85.944,2013-10-03 17:27:20.109000
-63.589,2013-10-03 17:27:20.250000
-86.726,2013-10-03 17:27:20.375000
-61.594,2013-10-03 17:27:20.515000
-83.554,2013-10-03 17:27:20.656000
-62.534,2013-10-03 17:27:20.828000
-63.612,2013-10-03 17:27:20.968000
-68.191,2013-10-03 17:27:21.093000
-88.283,2013-10-03 17:27:21.234000
-61.457,2013-10-03 17:27:21.359000
-62.354,2013-10-03 17:27:21.484000
-87.606,2013-10-03 17:27:21.625000
-63.504,2013-10-03 17:27:21.796000
-63.046,2013-10-03 17:27:21.937000
-63.127,2013-10-03 17:27:22.062000
-62.611,2013-10-03 17:27:22.203000
-61.52,2013-10-03 17:27:22.328000
-84.641,2013-10-03 17:27:22.468000
-62.961,2013-10-03 17:27:22.593000
-84.52,2013-10-03 17:27:22.734000
-62.554,2013-10-03 17:27:22.890000
-60.86,2013-10-03 17:27:23.031000
-62.662,2013-10-03 17:27:23.171000
-84.271,2013-10-03 17:27:23.312000
-84.461,2013-10-03 17:27:23.437000
-85.714,2013-10-03 17:27:23.578000
-62.966,2013-10-03 17:27:23.703000
-61.604,2013-10-03 17:27:23.875000
-85.482,2013-10-03 17:27:24.015000
-63.867,2013-10-03 17:27:24.140000
-84.17,2013-10-03 17:27:24.234000
-86.911,2013-10-03 17:27:24.406000
-85.545,2013-10-03 17:27:24.546000
-62.526,2013-10-03 17:27:24.671000
-71.435,2013-10-03 17:27:24.812000
-64.197,2013-10-03 17:27:24.968000
-84.809,2013-10-03 17:27:25.109000
-84.592,2013-10-03 17:27:25.250000
-87.361,2013-10-03 17:27:25.390000
-63.571,2013-10-03 17:27:25.515000
-84.279,2013-10-03 17:27:25.656000
-64.141,2013-10-03 17:27:25.781000
-85.699,2013-10-03 17:27:25.921000
-85.283,2013-10-03 17:27:26.093000
-84.662,2013-10-03 17:27:26.234000
-62.777,2013-10-03 17:27:26.359000
-62.953,2013-10-03 17:27:26.500000
-62.464,2013-10-03 17:27:26.625000
-84.952,2013-10-03 17:27:26.765000
-84.64,2013-10-03 17:27:26.906000
-62.808,2013-10-03 17:27:27.062000
-62.82,2013-10-03 17:27:27.203000
-61.685,2013-10-03 17:27:27.343000
-83.736,2013-10-03 17:27:27.437000
-63.459,2013-10-03 17:27:27.609000
-62.403,2013-10-03 17:27:27.750000
-64.035,2013-10-03 17:27:27.875000
-63.561,2013-10-03 17:27:28.015000
-87.503,2013-10-03 17:27:28.187000
-63.331,2013-10-03 17:27:28.328000
-62.122,2013-10-03 17:27:28.453000
-62.254,2013-10-03 17:27:28.593000
-63.194,2013-10-03 17:27:28.718000
-86.316,2013-10-03 17:27:28.859000
-61.013,2013-10-03 17:27:28.984000
-62.927,2013-10-03 17:27:29.156000
-63.056,2013-10-03 17:27:29.296000
-63.481,2013-10-03 17:27:29.437000
-61.359,2013-10-03 17:27:29.562000
-62.445,2013-10-03 17:27:29.703000
-61.887,2013-10-03 17:27:29.828000
-63.232,2013-10-03 17:27:29.968000
-62.538,2013-10-03 17:27:30.093000
-63.936,2013-10-03 17:27:30.265000
-84.57,2013-10-03 17:27:30.406000
-83.91,2013-10-03 17:27:30.531000
-64.533,2013-10-03 17:27:30.671000
-86.841,2013-10-03 17:27:30.796000
-62.644,2013-10-03 17:27:30.937000
-86.636,2013-10-03 17:27:31.062000
-61.37,2013-10-03 17:27:31.234000
-87.046,2013-10-03 17:27:31.375000
-62.71,2013-10-03 17:27:31.500000
-83.863,2013-10-03 17:27:31.640000
-64.992,2013-10-03 17:27:31.781000
-63.24,2013-10-03 17:27:31.921000
-62.26,2013-10-03 17:27:32.078000
-62.437,2013-10-03 17:27:32.203000
-62.605,2013-10-03 17:27:32.375000
-63.192,2013-10-03 17:27:32.515000
-62.85,2013-10-03 17:27:32.640000
-84.226,2013-10-03 17:27:32.781000
-63.98,2013-10-03 17:27:32.906000
-81.586,2013-10-03 17:27:33.046000
-63.075,2013-10-03 17:27:33.171000
-63.916,2013-10-03 17:27:33.343000
-62.656,2013-10-03 17:27:33.484000
-65.9,2013-10-03 17:27:33.625000
-61.322,2013-10-03 17:27:33.750000
-62.137,2013-10-03 17:27:33.890000
-85.877,2013-10-03 17:27:34.015000
-85.174,2013-10-03 17:27:34.156000
-85.129,2013-10-03 17:27:34.281000
-61.783,2013-10-03 17:27:34.453000
-63.651,2013-10-03 17:27:34.593000
-63.532,2013-10-03 17:27:34.734000
-61.774,2013-10-03 17:27:34.859000
-62.961,2013-10-03 17:27:35
-84.16,2013-10-03 17:27:35.125000
-63.07,2013-10-03 17:27:35.265000
-84.753,2013-10-03 17:27:35.421000
-85.578,2013-10-03 17:27:35.562000
-83.803,2013-10-03 17:27:35.703000
-82.312,2013-10-03 17:27:35.828000
-85.632,2013-10-03 17:27:35.968000
-62.045,2013-10-03 17:27:36.093000
-62.328,2013-10-03 17:27:36.234000
-87.498,2013-10-03 17:27:36.359000
-61.533,2013-10-03 17:27:36.531000
-85.595,2013-10-03 17:27:36.671000
-63.489,2013-10-03 17:27:36.812000
-86.021,2013-10-03 17:27:36.937000
-61.736,2013-10-03 17:27:37.078000
-61.958,2013-10-03 17:27:37.203000
-64.47,2013-10-03 17:27:37.343000
-62.323,2013-10-03 17:27:37.500000
-62.943,2013-10-03 17:27:37.640000
-64.411,2013-10-03 17:27:37.781000
-85.43,2013-10-03 17:27:37.921000
-64.791,2013-10-03 17:27:38.046000
-62.451,2013-10-03 17:27:38.187000
-64.118,2013-10-03 17:27:38.312000
-83.804,2013-10-03 17:27:38.453000
-62.07,2013-10-03 17:27:38.625000
-85.164,2013-10-03 17:27:38.765000
-84.457,2013-10-03 17:27:38.890000
-62.679,2013-10-03 17:27:39.031000
-62.776,2013-10-03 17:27:39.156000
-65.071,2013-10-03 17:27:39.296000
-62.503,2013-10-03 17:27:39.421000
-63.179,2013-10-03 17:27:39.593000
-64.213,2013-10-03 17:27:39.734000
-85.482,2013-10-03 17:27:39.859000
-84.305,2013-10-03 17:27:40
-63.529,2013-10-03 17:27:40.125000
-62.436,2013-10-03 17:27:40.265000
-86.4,2013-10-03 17:27:40.390000
-85.712,2013-10-03 17:27:40.531000
-62.543,2013-10-03 17:27:40.703000
-84.882,2013-10-03 17:27:40.843000
-86.938,2013-10-03 17:27:40.968000
-85.639,2013-10-03 17:27:41.093000
-85.453,2013-10-03 17:27:41.234000
-61.654,2013-10-03 17:27:41.359000
-82.647,2013-10-03 17:27:41.500000
-62.563,2013-10-03 17:27:41.625000
-85.573,2013-10-03 17:27:41.796000
-85.091,2013-10-03 17:27:41.937000
-62.277,2013-10-03 17:27:42.062000
-83.313,2013-10-03 17:27:42.203000
-68.346,2013-10-03 17:27:42.343000
-83.317,2013-10-03 17:27:42.421000
-82.266,2013-10-03 17:27:42.609000
-62.384,2013-10-03 17:27:42.734000
-63.073,2013-10-03 17:27:42.906000
-81.957,2013-10-03 17:27:43.046000
-63.415,2013-10-03 17:27:43.171000
-62.278,2013-10-03 17:27:43.312000
-62.729,2013-10-03 17:27:43.437000
-84.558,2013-10-03 17:27:43.578000
-83.396,2013-10-03 17:27:43.703000
-61.062,2013-10-03 17:27:43.875000
-63.933,2013-10-03 17:27:44.015000
-86.108,2013-10-03 17:27:44.156000
-85.269,2013-10-03 17:27:44.281000
-62.304,2013-10-03 17:27:44.421000
-65.955,2013-10-03 17:27:44.546000
-61.78,2013-10-03 17:27:44.687000
-63.325,2013-10-03 17:27:44.812000
-62.403,2013-10-03 17:27:44.984000
-62.206,2013-10-03 17:27:45.125000
-84.162,2013-10-03 17:27:45.250000
-86.471,2013-10-03 17:27:45.390000
-84.071,2013-10-03 17:27:45.515000
-63.296,2013-10-03 17:27:45.640000
-63.001,2013-10-03 17:27:45.781000
-62.686,2013-10-03 17:27:45.906000
-84.972,2013-10-03 17:27:46.078000
-82.953,2013-10-03 17:27:46.218000
-62.36,2013-10-03 17:27:46.359000
-62.885,2013-10-03 17:27:46.484000
-62.862,2013-10-03 17:27:46.609000
-67.623,2013-10-03 17:27:46.750000
-86.097,2013-10-03 17:27:46.890000
-63.066,2013-10-03 17:27:47.015000
-86.654,2013-10-03 17:27:47.234000
-86.654,2013-10-03 17:27:47.375000
-83.895,2013-10-03 17:27:47.500000
-62.576,2013-10-03 17:27:47.625000
-83.983,2013-10-03 17:27:47.765000
-62.256,2013-10-03 17:27:47.890000
-63.377,2013-10-03 17:27:48.031000
-63.185,2013-10-03 17:27:48.203000
-62.369,2013-10-03 17:27:48.343000
-84.408,2013-10-03 17:27:48.468000
-64.856,2013-10-03 17:27:48.609000
-84.423,2013-10-03 17:27:48.734000
-63.816,2013-10-03 17:27:48.875000
-62.621,2013-10-03 17:27:49
-87.118,2013-10-03 17:27:49.140000
-83.813,2013-10-03 17:27:49.312000
-65.955,2013-10-03 17:27:49.453000
-84.955,2013-10-03 17:27:49.578000
-61.873,2013-10-03 17:27:49.718000
-86.478,2013-10-03 17:27:49.843000
-83.896,2013-10-03 17:27:49.937000
-84.259,2013-10-03 17:27:50.109000
-62.141,2013-10-03 17:27:50.281000
-85.368,2013-10-03 17:27:50.437000
-62.162,2013-10-03 17:27:50.562000
-85.021,2013-10-03 17:27:50.703000
-64.085,2013-10-03 17:27:50.828000
-87.365,2013-10-03 17:27:50.968000
-63.453,2013-10-03 17:27:51.093000
-86.03,2013-10-03 17:27:51.234000
-89.069,2013-10-03 17:27:51.390000
-85.099,2013-10-03 17:27:51.531000
-62.758,2013-10-03 17:27:51.671000
-62.785,2013-10-03 17:27:51.812000
-61.893,2013-10-03 17:27:51.937000
-85.312,2013-10-03 17:27:52.078000
-65.334,2013-10-03 17:27:52.203000
-85.03,2013-10-03 17:27:52.375000
-64.397,2013-10-03 17:27:52.515000
-63.24,2013-10-03 17:27:52.656000
-64.979,2013-10-03 17:27:52.796000
-87.376,2013-10-03 17:27:52.921000
-64.2,2013-10-03 17:27:53.062000
-84.405,2013-10-03 17:27:53.156000
-64.05,2013-10-03 17:27:53.328000
-63.029,2013-10-03 17:27:53.500000
-63.141,2013-10-03 17:27:53.640000
-61.693,2013-10-03 17:27:53.765000
-83.098,2013-10-03 17:27:53.890000
-62.905,2013-10-03 17:27:54.031000
-85.661,2013-10-03 17:27:54.171000
-64.105,2013-10-03 17:27:54.296000
-63.468,2013-10-03 17:27:54.468000
-63.896,2013-10-03 17:27:54.609000
-63.447,2013-10-03 17:27:54.734000
-84.603,2013-10-03 17:27:54.875000
-63.075,2013-10-03 17:27:55
-64.482,2013-10-03 17:27:55.140000
-64.235,2013-10-03 17:27:55.265000
-62.685,2013-10-03 17:27:55.406000
-64.465,2013-10-03 17:27:55.578000
-63.379,2013-10-03 17:27:55.718000
-64.166,2013-10-03 17:27:55.843000
-84.775,2013-10-03 17:27:55.984000
-63.644,2013-10-03 17:27:56.125000
-63.216,2013-10-03 17:27:56.250000
-84.735,2013-10-03 17:27:56.390000
-62.091,2013-10-03 17:27:56.546000
-63.399,2013-10-03 17:27:56.687000
-85.177,2013-10-03 17:27:56.828000
-84.729,2013-10-03 17:27:56.953000
-62.043,2013-10-03 17:27:57.093000
-84.716,2013-10-03 17:27:57.218000
-83.663,2013-10-03 17:27:57.359000
-63.641,2013-10-03 17:27:57.484000
-62.163,2013-10-03 17:27:57.656000
-82.792,2013-10-03 17:27:57.796000
-62.923,2013-10-03 17:27:57.921000
-63.109,2013-10-03 17:27:58.062000
-63.421,2013-10-03 17:27:58.203000
-63.437,2013-10-03 17:27:58.328000
-83.233,2013-10-03 17:27:58.453000
-63.249,2013-10-03 17:27:58.593000
-83.361,2013-10-03 17:27:58.765000
-84.048,2013-10-03 17:27:58.906000
-66.847,2013-10-03 17:27:59.031000
-63.034,2013-10-03 17:27:59.171000
-61.73,2013-10-03 17:27:59.296000
-85.536,2013-10-03 17:27:59.437000
-63.153,2013-10-03 17:27:59.531000
-62.515,2013-10-03 17:27:59.734000
-62.846,2013-10-03 17:27:59.875000
-63.795,2013-10-03 17:28:00
-63.228,2013-10-03 17:28:00.140000
-85.234,2013-10-03 17:28:00.265000
-84.167,2013-10-03 17:28:00.406000
-63.075,2013-10-03 17:28:00.531000
-63.164,2013-10-03 17:28:00.671000
-85.732,2013-10-03 17:28:00.843000
-62.986,2013-10-03 17:28:00.984000
-62.604,2013-10-03 17:28:01.109000
-62.302,2013-10-03 17:28:01.250000
-86.392,2013-10-03 17:28:01.375000
-84.943,2013-10-03 17:28:01.515000
-64.096,2013-10-03 17:28:01.640000
-62.8,2013-10-03 17:28:01.812000
-62.001,2013-10-03 17:28:01.953000
-64.733,2013-10-03 17:28:02.078000
-84.462,2013-10-03 17:28:02.218000
-84.23,2013-10-03 17:28:02.375000
-82.543,2013-10-03 17:28:02.515000
-68.132,2013-10-03 17:28:02.640000
-66.177,2013-10-03 17:28:02.781000
-81.888,2013-10-03 17:28:02.953000
-63.63,2013-10-03 17:28:03.093000
-83.227,2013-10-03 17:28:03.218000
-64.827,2013-10-03 17:28:03.343000
-63.282,2013-10-03 17:28:03.484000
-61.454,2013-10-03 17:28:03.609000
-63.616,2013-10-03 17:28:03.750000
-83.885,2013-10-03 17:28:03.921000
-83.839,2013-10-03 17:28:04.062000
-83.902,2013-10-03 17:28:04.187000
-63.773,2013-10-03 17:28:04.328000
-64.186,2013-10-03 17:28:04.453000
-84.75,2013-10-03 17:28:04.593000
-65.182,2013-10-03 17:28:04.718000
-62.509,2013-10-03 17:28:04.812000
-84.554,2013-10-03 17:28:05.031000
-62.296,2013-10-03 17:28:05.171000
-83.775,2013-10-03 17:28:05.296000
-65.909,2013-10-03 17:28:05.437000
-61.599,2013-10-03 17:28:05.562000
-86.448,2013-10-03 17:28:05.687000
-60.825,2013-10-03 17:28:05.828000
-84.993,2013-10-03 17:28:06.078000
-61.652,2013-10-03 17:28:06.218000
-83.987,2013-10-03 17:28:06.343000
-60.605,2013-10-03 17:28:06.484000
-62.421,2013-10-03 17:28:06.609000
-63.112,2013-10-03 17:28:06.734000
-61.767,2013-10-03 17:28:06.875000
-61.528,2013-10-03 17:28:07.109000
-82.429,2013-10-03 17:28:07.250000
-87.346,2013-10-03 17:28:07.390000
-84.96,2013-10-03 17:28:07.515000
-84.105,2013-10-03 17:28:07.656000
-84.987,2013-10-03 17:28:07.796000
-84.235,2013-10-03 17:28:07.921000
-83.392,2013-10-03 17:28:08.093000
-65.071,2013-10-03 17:28:08.250000
-87.6,2013-10-03 17:28:08.375000
-83.853,2013-10-03 17:28:08.515000
-58.814,2013-10-03 17:28:08.640000
-84.527,2013-10-03 17:28:08.781000
-63.156,2013-10-03 17:28:08.906000
-85.931,2013-10-03 17:28:09
-86.516,2013-10-03 17:28:09.218000
-60.636,2013-10-03 17:28:09.359000
-84.208,2013-10-03 17:28:09.484000
-61.847,2013-10-03 17:28:09.625000
-84.116,2013-10-03 17:28:09.750000
-62.504,2013-10-03 17:28:09.890000
-82.237,2013-10-03 17:28:10.015000
-62.488,2013-10-03 17:28:10.187000
-61.2,2013-10-03 17:28:10.328000
-84.23,2013-10-03 17:28:10.468000
-62.16,2013-10-03 17:28:10.593000
-62.831,2013-10-03 17:28:10.734000
-82.944,2013-10-03 17:28:10.859000
-62.66,2013-10-03 17:28:11
-62.059,2013-10-03 17:28:11.125000
-63.427,2013-10-03 17:28:11.296000
-63.224,2013-10-03 17:28:11.437000
-85.514,2013-10-03 17:28:11.578000
-67.448,2013-10-03 17:28:11.718000
-84.533,2013-10-03 17:28:11.843000
-61.889,2013-10-03 17:28:11.984000
-61.721,2013-10-03 17:28:12.109000
-85.115,2013-10-03 17:28:12.281000
-85.891,2013-10-03 17:28:12.421000
-61.899,2013-10-03 17:28:12.546000
-63.989,2013-10-03 17:28:12.687000
-63.014,2013-10-03 17:28:12.812000
-86.097,2013-10-03 17:28:12.953000
