-84.218,2013-10-03 14:50:28.875000
-63.573,2013-10-03 14:50:29.109000
-62.488,2013-10-03 14:50:29.234000
-62.729,2013-10-03 14:50:29.359000
-74.289,2013-10-03 14:50:29.468000
-83,2013-10-03 14:50:29.593000
-85.083,2013-10-03 14:50:29.718000
-87.35,2013-10-03 14:50:29.843000
-73.543,2013-10-03 14:50:29.968000
-81.052,2013-10-03 14:50:30.109000
-82.438,2013-10-03 14:50:30.234000
-80.263,2013-10-03 14:50:30.359000
-83.156,2013-10-03 14:50:30.484000
-82.552,2013-10-03 14:50:30.609000
-83.336,2013-10-03 14:50:30.718000
-81.488,2013-10-03 14:50:30.843000
-68.228,2013-10-03 14:50:30.984000
-82.143,2013-10-03 14:50:31.125000
-81.704,2013-10-03 14:50:31.234000
-69.792,2013-10-03 14:50:31.359000
-70.029,2013-10-03 14:50:31.484000
-82.562,2013-10-03 14:50:31.625000
-80.21,2013-10-03 14:50:31.750000
-81.668,2013-10-03 14:50:31.859000
-80.622,2013-10-03 14:50:31.984000
-79.62,2013-10-03 14:50:32.203000
-80.439,2013-10-03 14:50:32.328000
-79.512,2013-10-03 14:50:32.453000
-66.081,2013-10-03 14:50:32.578000
-82.286,2013-10-03 14:50:32.703000
-81.133,2013-10-03 14:50:32.828000
-65.913,2013-10-03 14:50:32.953000
-80.926,2013-10-03 14:50:33.093000
-82.879,2013-10-03 14:50:33.218000
-81.522,2013-10-03 14:50:33.343000
-84.195,2013-10-03 14:50:33.453000
-84.061,2013-10-03 14:50:33.578000
-81.306,2013-10-03 14:50:33.703000
-65.898,2013-10-03 14:50:33.812000
-65.985,2013-10-03 14:50:33.937000
-73.935,2013-10-03 14:50:34.093000
-65.231,2013-10-03 14:50:34.218000
-84.205,2013-10-03 14:50:34.343000
-66.686,2013-10-03 14:50:34.468000
-64.518,2013-10-03 14:50:34.593000
-83.669,2013-10-03 14:50:34.718000
-85.39,2013-10-03 14:50:34.843000
-84.101,2013-10-03 14:50:34.968000
-85.877,2013-10-03 14:50:35.093000
-82.578,2013-10-03 14:50:35.218000
-66.421,2013-10-03 14:50:35.343000
-80.008,2013-10-03 14:50:35.468000
-84.032,2013-10-03 14:50:35.609000
-83.127,2013-10-03 14:50:35.734000
-67.256,2013-10-03 14:50:35.859000
-79.718,2013-10-03 14:50:35.984000
-72.602,2013-10-03 14:50:36.125000
-66.96,2013-10-03 14:50:36.265000
-83.174,2013-10-03 14:50:36.390000
-80.67,2013-10-03 14:50:36.515000
-83.49,2013-10-03 14:50:36.656000
-83.487,2013-10-03 14:50:36.781000
-82.869,2013-10-03 14:50:36.906000
-83.169,2013-10-03 14:50:37.046000
-86.371,2013-10-03 14:50:37.187000
-73.266,2013-10-03 14:50:37.312000
-81.507,2013-10-03 14:50:37.437000
-86.117,2013-10-03 14:50:37.562000
-82.298,2013-10-03 14:50:37.687000
-83.936,2013-10-03 14:50:37.812000
-84.609,2013-10-03 14:50:37.937000
-81.485,2013-10-03 14:50:38.062000
-72.907,2013-10-03 14:50:38.203000
-83.805,2013-10-03 14:50:38.328000
-67.037,2013-10-03 14:50:38.453000
-66.465,2013-10-03 14:50:38.593000
-81.574,2013-10-03 14:50:38.718000
-81.875,2013-10-03 14:50:38.843000
-73.224,2013-10-03 14:50:38.984000
-65.674,2013-10-03 14:50:39.125000
-65.674,2013-10-03 14:50:39.250000
-85.308,2013-10-03 14:50:39.375000
-83.645,2013-10-03 14:50:39.500000
-67.72,2013-10-03 14:50:39.640000
-66.46,2013-10-03 14:50:39.781000
-82.698,2013-10-03 14:50:39.906000
-66.428,2013-10-03 14:50:40.046000
-80.884,2013-10-03 14:50:40.187000
-79.89,2013-10-03 14:50:40.312000
-81.665,2013-10-03 14:50:40.437000
-65.797,2013-10-03 14:50:40.562000
-84.285,2013-10-03 14:50:40.687000
-83.193,2013-10-03 14:50:40.812000
-66.99,2013-10-03 14:50:40.937000
-64.32,2013-10-03 14:50:41.062000
-64.726,2013-10-03 14:50:41.203000
-84.061,2013-10-03 14:50:41.328000
-82.645,2013-10-03 14:50:41.437000
-80.529,2013-10-03 14:50:41.562000
-81.473,2013-10-03 14:50:41.718000
-80.894,2013-10-03 14:50:41.843000
-83.77,2013-10-03 14:50:41.984000
-66.142,2013-10-03 14:50:42.109000
-83.669,2013-10-03 14:50:42.250000
-82.832,2013-10-03 14:50:42.375000
-80.874,2013-10-03 14:50:42.484000
-82.333,2013-10-03 14:50:42.609000
-84.727,2013-10-03 14:50:42.734000
-84.754,2013-10-03 14:50:42.859000
-71.059,2013-10-03 14:50:42.984000
-83.544,2013-10-03 14:50:43.109000
-82.801,2013-10-03 14:50:43.234000
-73.651,2013-10-03 14:50:43.453000
-66.862,2013-10-03 14:50:43.578000
-81.781,2013-10-03 14:50:43.703000
-66.962,2013-10-03 14:50:43.828000
-74.444,2013-10-03 14:50:43.953000
-83.413,2013-10-03 14:50:44.078000
-83.249,2013-10-03 14:50:44.203000
-83.395,2013-10-03 14:50:44.328000
-81.933,2013-10-03 14:50:44.468000
-83.701,2013-10-03 14:50:44.593000
-77.899,2013-10-03 14:50:44.718000
-84.341,2013-10-03 14:50:44.843000
-81.476,2013-10-03 14:50:44.984000
-84.468,2013-10-03 14:50:45.109000
-67.517,2013-10-03 14:50:45.234000
-85.364,2013-10-03 14:50:45.375000
-67.525,2013-10-03 14:50:45.500000
-80.91,2013-10-03 14:50:45.625000
-82.599,2013-10-03 14:50:45.750000
-72.51,2013-10-03 14:50:45.890000
-70.318,2013-10-03 14:50:46.015000
-83.159,2013-10-03 14:50:46.140000
-82.127,2013-10-03 14:50:46.250000
-81.535,2013-10-03 14:50:46.390000
-83.146,2013-10-03 14:50:46.515000
-77.638,2013-10-03 14:50:46.640000
-61.668,2013-10-03 14:50:46.750000
-80.153,2013-10-03 14:50:46.875000
-79.016,2013-10-03 14:50:47
-81.924,2013-10-03 14:50:47.125000
-79.529,2013-10-03 14:50:47.234000
-78.726,2013-10-03 14:50:47.375000
-81.379,2013-10-03 14:50:47.515000
-79.686,2013-10-03 14:50:47.640000
-81.599,2013-10-03 14:50:47.781000
-60.966,2013-10-03 14:50:47.906000
-60.372,2013-10-03 14:50:48.046000
-77.72,2013-10-03 14:50:48.171000
-59.653,2013-10-03 14:50:48.296000
-61.774,2013-10-03 14:50:48.437000
-72.264,2013-10-03 14:50:48.578000
-71.868,2013-10-03 14:50:48.718000
-69.517,2013-10-03 14:50:48.843000
-61.799,2013-10-03 14:50:48.984000
-60.593,2013-10-03 14:50:49.109000
-72.884,2013-10-03 14:50:49.250000
-61.277,2013-10-03 14:50:49.375000
-80.74,2013-10-03 14:50:49.531000
-64.625,2013-10-03 14:50:49.656000
-79.608,2013-10-03 14:50:49.781000
-80.739,2013-10-03 14:50:49.906000
-81.637,2013-10-03 14:50:50.031000
-68.627,2013-10-03 14:50:50.156000
-77.468,2013-10-03 14:50:50.265000
-81.177,2013-10-03 14:50:50.375000
-79.036,2013-10-03 14:50:50.500000
-66.873,2013-10-03 14:50:50.625000
-70.204,2013-10-03 14:50:50.750000
-66.145,2013-10-03 14:50:50.875000
-79.316,2013-10-03 14:50:51
-78.977,2013-10-03 14:50:51.140000
-79.178,2013-10-03 14:50:51.250000
-78.378,2013-10-03 14:50:51.359000
-79.965,2013-10-03 14:50:51.484000
-78.293,2013-10-03 14:50:51.625000
-81.67,2013-10-03 14:50:51.750000
-65.782,2013-10-03 14:50:51.859000
-82.198,2013-10-03 14:50:52
-81.493,2013-10-03 14:50:52.125000
-63.929,2013-10-03 14:50:52.250000
-80.478,2013-10-03 14:50:52.375000
-81.385,2013-10-03 14:50:52.515000
-81.385,2013-10-03 14:50:52.640000
-69.6,2013-10-03 14:50:52.765000
-83.021,2013-10-03 14:50:52.890000
-64.816,2013-10-03 14:50:53.031000
-83.414,2013-10-03 14:50:53.156000
-81.131,2013-10-03 14:50:53.265000
-71.432,2013-10-03 14:50:53.390000
-61.114,2013-10-03 14:50:53.515000
-61.114,2013-10-03 14:50:53.656000
-65.339,2013-10-03 14:50:53.781000
-81.672,2013-10-03 14:50:53.921000
-81.23,2013-10-03 14:50:54.046000
-64.905,2013-10-03 14:50:54.171000
-82.372,2013-10-03 14:50:54.296000
-82.279,2013-10-03 14:50:54.421000
-81.926,2013-10-03 14:50:54.562000
-78.745,2013-10-03 14:50:54.687000
-80.511,2013-10-03 14:50:54.828000
-77.899,2013-10-03 14:50:54.968000
-79.751,2013-10-03 14:50:55.093000
-64.152,2013-10-03 14:50:55.218000
-81.389,2013-10-03 14:50:55.343000
-68.699,2013-10-03 14:50:55.468000
-69.478,2013-10-03 14:50:55.593000
-82.45,2013-10-03 14:50:55.718000
-65.307,2013-10-03 14:50:55.843000
-81.465,2013-10-03 14:50:55.968000
-81.539,2013-10-03 14:50:56.078000
-80.956,2013-10-03 14:50:56.203000
-81.907,2013-10-03 14:50:56.328000
-63.569,2013-10-03 14:50:56.453000
-79.788,2013-10-03 14:50:56.578000
-63.788,2013-10-03 14:50:56.703000
-80.917,2013-10-03 14:50:56.843000
-81.595,2013-10-03 14:50:57
-82.759,2013-10-03 14:50:57.125000
-82.326,2013-10-03 14:50:57.234000
-80.619,2013-10-03 14:50:57.343000
-81.124,2013-10-03 14:50:57.468000
-62.67,2013-10-03 14:50:57.578000
-81.954,2013-10-03 14:50:57.703000
-81.181,2013-10-03 14:50:57.843000
-82.96,2013-10-03 14:50:57.968000
-81.723,2013-10-03 14:50:58.109000
-72.286,2013-10-03 14:50:58.218000
-72.556,2013-10-03 14:50:58.359000
-81.756,2013-10-03 14:50:58.484000
-82.602,2013-10-03 14:50:58.625000
-81.931,2013-10-03 14:50:58.750000
-80.23,2013-10-03 14:50:58.890000
-81.088,2013-10-03 14:50:59.015000
-80.385,2013-10-03 14:50:59.125000
-81.329,2013-10-03 14:50:59.250000
-81.256,2013-10-03 14:50:59.375000
-79.389,2013-10-03 14:50:59.500000
-63.209,2013-10-03 14:50:59.625000
-63.209,2013-10-03 14:50:59.765000
-64.083,2013-10-03 14:50:59.906000
-81.18,2013-10-03 14:51:00.031000
-64.403,2013-10-03 14:51:00.156000
-70.213,2013-10-03 14:51:00.265000
-61.378,2013-10-03 14:51:00.390000
-61.166,2013-10-03 14:51:00.515000
-81.204,2013-10-03 14:51:00.640000
-81.204,2013-10-03 14:51:00.781000
-79.241,2013-10-03 14:51:00.906000
-64.216,2013-10-03 14:51:01.046000
-62.936,2013-10-03 14:51:01.171000
-79.705,2013-10-03 14:51:01.296000
-82.211,2013-10-03 14:51:01.406000
-80.081,2013-10-03 14:51:01.531000
-80.106,2013-10-03 14:51:01.671000
-80.106,2013-10-03 14:51:01.796000
-81.584,2013-10-03 14:51:01.906000
-63.801,2013-10-03 14:51:02.031000
-80.092,2013-10-03 14:51:02.171000
-82.55,2013-10-03 14:51:02.281000
-63.946,2013-10-03 14:51:02.406000
-82.288,2013-10-03 14:51:02.531000
-62.81,2013-10-03 14:51:02.671000
-62.81,2013-10-03 14:51:02.812000
-70.419,2013-10-03 14:51:02.937000
-62.034,2013-10-03 14:51:03.062000
-60.456,2013-10-03 14:51:03.203000
-82.349,2013-10-03 14:51:03.328000
-81.591,2013-10-03 14:51:03.453000
-80.221,2013-10-03 14:51:03.578000
-81.726,2013-10-03 14:51:03.718000
-80.68,2013-10-03 14:51:03.859000
-83.102,2013-10-03 14:51:04
-81.053,2013-10-03 14:51:04.125000
-81.733,2013-10-03 14:51:04.250000
-81.489,2013-10-03 14:51:04.390000
-78.601,2013-10-03 14:51:04.531000
-78.601,2013-10-03 14:51:04.656000
-80.686,2013-10-03 14:51:04.796000
-63.151,2013-10-03 14:51:04.937000
-80.998,2013-10-03 14:51:05.062000
-71.347,2013-10-03 14:51:05.187000
-71.064,2013-10-03 14:51:05.312000
-80.008,2013-10-03 14:51:05.437000
-75.028,2013-10-03 14:51:05.546000
-75.708,2013-10-03 14:51:05.671000
-79.785,2013-10-03 14:51:05.812000
-79.785,2013-10-03 14:51:05.937000
-63.622,2013-10-03 14:51:06.062000
-81.281,2013-10-03 14:51:06.203000
-80.421,2013-10-03 14:51:06.328000
-79.836,2013-10-03 14:51:06.437000
-78.658,2013-10-03 14:51:06.578000
-78.228,2013-10-03 14:51:06.703000
-78.812,2013-10-03 14:51:06.828000
-62.503,2013-10-03 14:51:06.968000
-80.7,2013-10-03 14:51:07.109000
-78.681,2013-10-03 14:51:07.218000
-79.256,2013-10-03 14:51:07.359000
-62.945,2013-10-03 14:51:07.484000
-62.917,2013-10-03 14:51:07.625000
-69.213,2013-10-03 14:51:07.750000
-72.273,2013-10-03 14:51:07.890000
-71.795,2013-10-03 14:51:08.015000
-78.813,2013-10-03 14:51:08.140000
-80.994,2013-10-03 14:51:08.250000
-80.635,2013-10-03 14:51:08.390000
-66.946,2013-10-03 14:51:08.515000
-64.649,2013-10-03 14:51:08.640000
-79.772,2013-10-03 14:51:08.765000
-63.627,2013-10-03 14:51:08.906000
-63.619,2013-10-03 14:51:09.031000
-79.002,2013-10-03 14:51:09.156000
-79.628,2013-10-03 14:51:09.281000
-70.953,2013-10-03 14:51:09.406000
-78.641,2013-10-03 14:51:09.531000
-79.189,2013-10-03 14:51:09.656000
-80.333,2013-10-03 14:51:09.781000
-71.833,2013-10-03 14:51:09.921000
-71.857,2013-10-03 14:51:10.062000
-79.715,2013-10-03 14:51:10.203000
-79.847,2013-10-03 14:51:10.328000
-80.432,2013-10-03 14:51:10.437000
-81.158,2013-10-03 14:51:10.562000
-78.391,2013-10-03 14:51:10.687000
-79.626,2013-10-03 14:51:10.812000
-63.551,2013-10-03 14:51:10.953000
-65.14,2013-10-03 14:51:11.078000
-79.961,2013-10-03 14:51:11.187000
-79.668,2013-10-03 14:51:11.328000
-80.824,2013-10-03 14:51:11.453000
-80.226,2013-10-03 14:51:11.578000
-81.723,2013-10-03 14:51:11.703000
-79.747,2013-10-03 14:51:11.828000
-67.837,2013-10-03 14:51:11.984000
-79.118,2013-10-03 14:51:12.140000
-80.139,2013-10-03 14:51:12.265000
-79.668,2013-10-03 14:51:12.390000
-80.155,2013-10-03 14:51:12.515000
-79.651,2013-10-03 14:51:12.656000
-71.701,2013-10-03 14:51:12.781000
-72.074,2013-10-03 14:51:12.921000
-79.806,2013-10-03 14:51:13.046000
-80.683,2013-10-03 14:51:13.187000
-78.919,2013-10-03 14:51:13.312000
-80.098,2013-10-03 14:51:13.453000
-62.948,2013-10-03 14:51:13.578000
-81.115,2013-10-03 14:51:13.718000
-64.755,2013-10-03 14:51:13.859000
-79.308,2013-10-03 14:51:13.984000
-79.308,2013-10-03 14:51:14.125000
-77.951,2013-10-03 14:51:14.250000
-79.529,2013-10-03 14:51:14.375000
-80.013,2013-10-03 14:51:14.500000
-79.396,2013-10-03 14:51:14.625000
-70.797,2013-10-03 14:51:14.765000
-70.565,2013-10-03 14:51:14.890000
-77.319,2013-10-03 14:51:15.031000
-62.747,2013-10-03 14:51:15.156000
-78.587,2013-10-03 14:51:15.281000
-79.428,2013-10-03 14:51:15.406000
-77.734,2013-10-03 14:51:15.515000
-77.182,2013-10-03 14:51:15.640000
-79.008,2013-10-03 14:51:15.765000
-77.208,2013-10-03 14:51:15.906000
-70.713,2013-10-03 14:51:16.046000
-61.735,2013-10-03 14:51:16.187000
-76.987,2013-10-03 14:51:16.296000
-75.899,2013-10-03 14:51:16.437000
-77.472,2013-10-03 14:51:16.578000
-64.903,2013-10-03 14:51:16.687000
-64.357,2013-10-03 14:51:16.812000
-75.303,2013-10-03 14:51:16.937000
-64.688,2013-10-03 14:51:17.078000
-64.392,2013-10-03 14:51:17.218000
-61.412,2013-10-03 14:51:17.343000
-79.069,2013-10-03 14:51:17.468000
-70.262,2013-10-03 14:51:17.578000
-70.166,2013-10-03 14:51:17.718000
-77.373,2013-10-03 14:51:17.843000
-78.272,2013-10-03 14:51:17.968000
-64.852,2013-10-03 14:51:18.093000
-77.227,2013-10-03 14:51:18.234000
-78.473,2013-10-03 14:51:18.359000
-78.483,2013-10-03 14:51:18.468000
-78.877,2013-10-03 14:51:18.593000
-77.918,2013-10-03 14:51:18.718000
-78.56,2013-10-03 14:51:18.828000
-62.478,2013-10-03 14:51:18.968000
-77.074,2013-10-03 14:51:19.109000
-77.074,2013-10-03 14:51:19.234000
-77.385,2013-10-03 14:51:19.359000
-77.415,2013-10-03 14:51:19.484000
-61.752,2013-10-03 14:51:19.625000
-69.484,2013-10-03 14:51:19.750000
-69.435,2013-10-03 14:51:19.890000
-77.345,2013-10-03 14:51:20.015000
-64.351,2013-10-03 14:51:20.156000
-78.103,2013-10-03 14:51:20.265000
-64.594,2013-10-03 14:51:20.390000
-78.746,2013-10-03 14:51:20.515000
-64.955,2013-10-03 14:51:20.640000
-63.699,2013-10-03 14:51:20.765000
-81.261,2013-10-03 14:51:20.890000
-67.994,2013-10-03 14:51:21.015000
-82.206,2013-10-03 14:51:21.140000
-81.918,2013-10-03 14:51:21.265000
-80.962,2013-10-03 14:51:21.390000
-79.931,2013-10-03 14:51:21.515000
-80.964,2013-10-03 14:51:21.640000
-63.482,2013-10-03 14:51:21.781000
-81.645,2013-10-03 14:51:21.906000
-81.525,2013-10-03 14:51:22.031000
-80.623,2013-10-03 14:51:22.171000
-80.623,2013-10-03 14:51:22.296000
-71.83,2013-10-03 14:51:22.406000
-71.126,2013-10-03 14:51:22.531000
-80.302,2013-10-03 14:51:22.656000
-80.942,2013-10-03 14:51:22.796000
-80.488,2013-10-03 14:51:22.921000
-81.65,2013-10-03 14:51:23.031000
-80.678,2013-10-03 14:51:23.156000
-82.637,2013-10-03 14:51:23.375000
-80.198,2013-10-03 14:51:23.500000
-81.514,2013-10-03 14:51:23.625000
-81.034,2013-10-03 14:51:23.750000
-81.315,2013-10-03 14:51:23.875000
-81.103,2013-10-03 14:51:24
-80.435,2013-10-03 14:51:24.125000
-79.163,2013-10-03 14:51:24.265000
-63.752,2013-10-03 14:51:24.390000
-70.737,2013-10-03 14:51:24.515000
-70.241,2013-10-03 14:51:24.656000
-79.34,2013-10-03 14:51:24.781000
-78.76,2013-10-03 14:51:24.906000
-80.219,2013-10-03 14:51:25.046000
-77.83,2013-10-03 14:51:25.171000
-64.425,2013-10-03 14:51:25.312000
-78.274,2013-10-03 14:51:25.453000
-78.43,2013-10-03 14:51:25.578000
-80.874,2013-10-03 14:51:25.718000
-81.104,2013-10-03 14:51:25.843000
-79.296,2013-10-03 14:51:25.984000
-64.01,2013-10-03 14:51:26.109000
-78.962,2013-10-03 14:51:26.250000
-65.821,2013-10-03 14:51:26.375000
-80.039,2013-10-03 14:51:26.500000
-80.468,2013-10-03 14:51:26.625000
-63.707,2013-10-03 14:51:26.734000
-80.234,2013-10-03 14:51:26.859000
-63.098,2013-10-03 14:51:27
-64.366,2013-10-03 14:51:27.125000
-62.796,2013-10-03 14:51:27.250000
-62.796,2013-10-03 14:51:27.390000
-78.779,2013-10-03 14:51:27.515000
-84.016,2013-10-03 14:51:27.640000
-78.207,2013-10-03 14:51:27.765000
-82.42,2013-10-03 14:51:27.890000
-80.821,2013-10-03 14:51:28.015000
-80.429,2013-10-03 14:51:28.140000
-64.354,2013-10-03 14:51:28.265000
-64.354,2013-10-03 14:51:28.406000
-64.18,2013-10-03 14:51:28.531000
-72.888,2013-10-03 14:51:28.656000
-82.589,2013-10-03 14:51:28.796000
-62.14,2013-10-03 14:51:28.921000
-81.762,2013-10-03 14:51:29.062000
-68.733,2013-10-03 14:51:29.187000
-70.531,2013-10-03 14:51:29.328000
-66.898,2013-10-03 14:51:29.453000
-81.524,2013-10-03 14:51:29.578000
-82.006,2013-10-03 14:51:29.703000
-64.741,2013-10-03 14:51:29.843000
-78.277,2013-10-03 14:51:29.968000
-79.033,2013-10-03 14:51:30.093000
-63.684,2013-10-03 14:51:30.218000
-79.101,2013-10-03 14:51:30.343000
-79.994,2013-10-03 14:51:30.484000
-81.435,2013-10-03 14:51:30.609000
-80.016,2013-10-03 14:51:30.734000
-63.571,2013-10-03 14:51:30.859000
-80.977,2013-10-03 14:51:31
-82.628,2013-10-03 14:51:31.125000
-81.128,2013-10-03 14:51:31.250000
-64.06,2013-10-03 14:51:31.375000
-79.38,2013-10-03 14:51:31.500000
-64.53,2013-10-03 14:51:31.625000
-81.083,2013-10-03 14:51:31.750000
-83.604,2013-10-03 14:51:31.859000
-63.796,2013-10-03 14:51:32
-71.557,2013-10-03 14:51:32.125000
-73.052,2013-10-03 14:51:32.250000
-66.992,2013-10-03 14:51:32.390000
-63.749,2013-10-03 14:51:32.515000
-80.279,2013-10-03 14:51:32.640000
-80.705,2013-10-03 14:51:32.765000
-80.531,2013-10-03 14:51:32.890000
-62.482,2013-10-03 14:51:33.031000
-64.318,2013-10-03 14:51:33.156000
-78.817,2013-10-03 14:51:33.265000
-64.315,2013-10-03 14:51:33.390000
-64.315,2013-10-03 14:51:33.531000
-79.583,2013-10-03 14:51:33.656000
-83.001,2013-10-03 14:51:33.781000
-64.109,2013-10-03 14:51:33.921000
-82.323,2013-10-03 14:51:34.046000
-71.241,2013-10-03 14:51:34.171000
-71.581,2013-10-03 14:51:34.296000
-81.459,2013-10-03 14:51:34.437000
-66.626,2013-10-03 14:51:34.578000
-69.819,2013-10-03 14:51:34.703000
-79.365,2013-10-03 14:51:34.843000
-78.676,2013-10-03 14:51:34.984000
-79.864,2013-10-03 14:51:35.109000
-63.632,2013-10-03 14:51:35.234000
-80.45,2013-10-03 14:51:35.359000
-78.912,2013-10-03 14:51:35.500000
-68.252,2013-10-03 14:51:35.625000
-78.1,2013-10-03 14:51:35.734000
-64.259,2013-10-03 14:51:35.875000
-63.724,2013-10-03 14:51:36
-63.663,2013-10-03 14:51:36.125000
-78.564,2013-10-03 14:51:36.234000
-80.166,2013-10-03 14:51:36.359000
-78.774,2013-10-03 14:51:36.484000
-77.529,2013-10-03 14:51:36.609000
-79.17,2013-10-03 14:51:36.734000
-71.92,2013-10-03 14:51:36.843000
-71.449,2013-10-03 14:51:36.984000
-71.093,2013-10-03 14:51:37.109000
-79.616,2013-10-03 14:51:37.218000
-79.968,2013-10-03 14:51:37.359000
-80.683,2013-10-03 14:51:37.500000
-80.242,2013-10-03 14:51:37.640000
-79.366,2013-10-03 14:51:37.765000
-63.901,2013-10-03 14:51:37.890000
-77.275,2013-10-03 14:51:38.031000
-76.99,2013-10-03 14:51:38.156000
-79.241,2013-10-03 14:51:38.281000
-78.366,2013-10-03 14:51:38.421000
-80.054,2013-10-03 14:51:38.562000
-63.728,2013-10-03 14:51:38.687000
-65.187,2013-10-03 14:51:38.812000
-70.7,2013-10-03 14:51:38.937000
-71.303,2013-10-03 14:51:39.062000
-80.507,2013-10-03 14:51:39.187000
-82.656,2013-10-03 14:51:39.312000
-81.129,2013-10-03 14:51:39.437000
-79.186,2013-10-03 14:51:39.562000
-68.546,2013-10-03 14:51:39.765000
-62.58,2013-10-03 14:51:39.906000
-82.26,2013-10-03 14:51:40.046000
-83.139,2013-10-03 14:51:40.171000
-81.939,2013-10-03 14:51:40.281000
-84.433,2013-10-03 14:51:40.406000
-82.297,2013-10-03 14:51:40.531000
-82.839,2013-10-03 14:51:40.656000
-84.14,2013-10-03 14:51:40.796000
-81.326,2013-10-03 14:51:40.921000
-82.544,2013-10-03 14:51:41.046000
-63.681,2013-10-03 14:51:41.187000
-62.757,2013-10-03 14:51:41.312000
-64.522,2013-10-03 14:51:41.437000
-63.163,2013-10-03 14:51:41.578000
-63.163,2013-10-03 14:51:41.718000
-66.072,2013-10-03 14:51:41.843000
-81.422,2013-10-03 14:51:41.968000
-82.401,2013-10-03 14:51:42.109000
-83.184,2013-10-03 14:51:42.234000
-82.706,2013-10-03 14:51:42.359000
-81.711,2013-10-03 14:51:42.484000
-81.799,2013-10-03 14:51:42.625000
-81.68,2013-10-03 14:51:42.750000
-83.485,2013-10-03 14:51:42.906000
-63.252,2013-10-03 14:51:43.046000
-80.81,2013-10-03 14:51:43.187000
-61.788,2013-10-03 14:51:43.312000
-83.85,2013-10-03 14:51:43.437000
-80.401,2013-10-03 14:51:43.578000
-82.745,2013-10-03 14:51:43.703000
-60.457,2013-10-03 14:51:43.843000
-70.616,2013-10-03 14:51:43.984000
-82.676,2013-10-03 14:51:44.125000
-82.41,2013-10-03 14:51:44.250000
-63.38,2013-10-03 14:51:44.375000
-64.372,2013-10-03 14:51:44.500000
-63.573,2013-10-03 14:51:44.656000
-63.573,2013-10-03 14:51:44.781000
-80.274,2013-10-03 14:51:44.906000
-62.924,2013-10-03 14:51:45.031000
-79.93,2013-10-03 14:51:45.156000
-79.925,2013-10-03 14:51:45.265000
-79.114,2013-10-03 14:51:45.390000
-81.46,2013-10-03 14:51:45.515000
-79.255,2013-10-03 14:51:45.640000
-63.95,2013-10-03 14:51:45.781000
-79.139,2013-10-03 14:51:45.906000
-79.463,2013-10-03 14:51:46.031000
-62.024,2013-10-03 14:51:46.156000
-80.043,2013-10-03 14:51:46.265000
-79.242,2013-10-03 14:51:46.375000
-63.573,2013-10-03 14:51:46.500000
-72.644,2013-10-03 14:51:46.609000
-81.439,2013-10-03 14:51:46.734000
-78.864,2013-10-03 14:51:46.937000
-78.991,2013-10-03 14:51:47.062000
-81.407,2013-10-03 14:51:47.203000
-64.651,2013-10-03 14:51:47.328000
-78.908,2013-10-03 14:51:47.437000
-63.62,2013-10-03 14:51:47.562000
-77.85,2013-10-03 14:51:47.687000
-79.976,2013-10-03 14:51:47.828000
-75.811,2013-10-03 14:51:47.953000
-79.369,2013-10-03 14:51:48.093000
-80.274,2013-10-03 14:51:48.234000
-80.386,2013-10-03 14:51:48.359000
-79.567,2013-10-03 14:51:48.484000
-70.526,2013-10-03 14:51:48.625000
-79.352,2013-10-03 14:51:48.750000
-79.352,2013-10-03 14:51:48.890000
-78.541,2013-10-03 14:51:49.015000
-80.501,2013-10-03 14:51:49.125000
-79.489,2013-10-03 14:51:49.250000
-77.596,2013-10-03 14:51:49.359000
-63.764,2013-10-03 14:51:49.484000
-63.025,2013-10-03 14:51:49.593000
-80.007,2013-10-03 14:51:49.718000
-76.229,2013-10-03 14:51:49.843000
-79.491,2013-10-03 14:51:49.984000
-63.248,2013-10-03 14:51:50.109000
-80.5,2013-10-03 14:51:50.234000
-78.744,2013-10-03 14:51:50.359000
-63.744,2013-10-03 14:51:50.484000
-78.727,2013-10-03 14:51:50.593000
-81.154,2013-10-03 14:51:50.718000
-79.133,2013-10-03 14:51:50.859000
-79.471,2013-10-03 14:51:50.984000
-64.217,2013-10-03 14:51:51.125000
-81.315,2013-10-03 14:51:51.234000
-72.081,2013-10-03 14:51:51.359000
-72.125,2013-10-03 14:51:51.468000
-70.96,2013-10-03 14:51:51.593000
-81.868,2013-10-03 14:51:51.718000
-79.4,2013-10-03 14:51:51.843000
-79.4,2013-10-03 14:51:51.984000
-80.172,2013-10-03 14:51:52.109000
-79.588,2013-10-03 14:51:52.234000
-78.915,2013-10-03 14:51:52.343000
-78.955,2013-10-03 14:51:52.468000
-63.357,2013-10-03 14:51:52.578000
-77.514,2013-10-03 14:51:52.703000
-78.954,2013-10-03 14:51:52.812000
-79.792,2013-10-03 14:51:52.953000
-79.301,2013-10-03 14:51:53.093000
-81.728,2013-10-03 14:51:53.203000
-79.852,2013-10-03 14:51:53.343000
-70.25,2013-10-03 14:51:53.468000
-69.49,2013-10-03 14:51:53.593000
-78.778,2013-10-03 14:51:53.734000
-80.154,2013-10-03 14:51:53.859000
-80.154,2013-10-03 14:51:54
-80.386,2013-10-03 14:51:54.125000
-64.272,2013-10-03 14:51:54.250000
-79.678,2013-10-03 14:51:54.375000
-79.054,2013-10-03 14:51:54.500000
-63.792,2013-10-03 14:51:54.625000
-79.128,2013-10-03 14:51:54.750000
-64.302,2013-10-03 14:51:54.890000
-64.815,2013-10-03 14:51:55.015000
-62.288,2013-10-03 14:51:55.156000
-78.932,2013-10-03 14:51:55.265000
-78.555,2013-10-03 14:51:55.375000
-77.21,2013-10-03 14:51:55.500000
-76.94,2013-10-03 14:51:55.609000
-61.049,2013-10-03 14:51:55.734000
-78.824,2013-10-03 14:51:55.843000
-77.548,2013-10-03 14:51:55.984000
-78.931,2013-10-03 14:51:56.109000
-70.79,2013-10-03 14:51:56.234000
-71.372,2013-10-03 14:51:56.359000
-77.161,2013-10-03 14:51:56.484000
-76.777,2013-10-03 14:51:56.609000
-78.915,2013-10-03 14:51:56.750000
-65.992,2013-10-03 14:51:56.875000
-64.416,2013-10-03 14:51:57.015000
-65.576,2013-10-03 14:51:57.156000
-80.128,2013-10-03 14:51:57.265000
-80.237,2013-10-03 14:51:57.390000
-78.687,2013-10-03 14:51:57.515000
-78.936,2013-10-03 14:51:57.625000
-63.758,2013-10-03 14:51:57.750000
-79.228,2013-10-03 14:51:57.890000
-78.543,2013-10-03 14:51:58.046000
-81.129,2013-10-03 14:51:58.187000
-69.486,2013-10-03 14:51:58.312000
-65.945,2013-10-03 14:51:58.421000
-79.403,2013-10-03 14:51:58.546000
-80.288,2013-10-03 14:51:58.656000
-80.377,2013-10-03 14:51:58.781000
-63.948,2013-10-03 14:51:58.890000
-77.38,2013-10-03 14:51:59.031000
-77.338,2013-10-03 14:51:59.156000
-80.518,2013-10-03 14:51:59.281000
-62.645,2013-10-03 14:51:59.406000
-67.852,2013-10-03 14:51:59.546000
-79.908,2013-10-03 14:51:59.671000
-79.055,2013-10-03 14:51:59.796000
-80.745,2013-10-03 14:51:59.937000
-80.625,2013-10-03 14:52:00.062000
-64.03,2013-10-03 14:52:00.203000
-79.801,2013-10-03 14:52:00.406000
-63.791,2013-10-03 14:52:00.531000
-78.152,2013-10-03 14:52:00.656000
-63.388,2013-10-03 14:52:00.796000
-70.54,2013-10-03 14:52:00.921000
-68.912,2013-10-03 14:52:01.062000
-65.864,2013-10-03 14:52:01.203000
-81.747,2013-10-03 14:52:01.312000
-80.401,2013-10-03 14:52:01.437000
-78.826,2013-10-03 14:52:01.546000
-80.126,2013-10-03 14:52:01.671000
-61.609,2013-10-03 14:52:01.781000
-63.878,2013-10-03 14:52:01.906000
-63.722,2013-10-03 14:52:02.031000
-81.893,2013-10-03 14:52:02.171000
-70.46,2013-10-03 14:52:02.296000
-63.809,2013-10-03 14:52:02.437000
-63.697,2013-10-03 14:52:02.562000
-80.876,2013-10-03 14:52:02.703000
-81.099,2013-10-03 14:52:02.828000
-70.075,2013-10-03 14:52:02.953000
-69.787,2013-10-03 14:52:03.093000
-69.576,2013-10-03 14:52:03.234000
-81.246,2013-10-03 14:52:03.359000
-81.716,2013-10-03 14:52:03.484000
-63.904,2013-10-03 14:52:03.609000
-79.485,2013-10-03 14:52:03.718000
-69.535,2013-10-03 14:52:03.859000
-63.063,2013-10-03 14:52:03.984000
-63.631,2013-10-03 14:52:04.125000
-83.197,2013-10-03 14:52:04.250000
-78.879,2013-10-03 14:52:04.359000
-78.381,2013-10-03 14:52:04.484000
-65.16,2013-10-03 14:52:04.593000
-77.864,2013-10-03 14:52:04.718000
-60.914,2013-10-03 14:52:04.828000
-63.688,2013-10-03 14:52:04.953000
-78.813,2013-10-03 14:52:05.078000
-78.405,2013-10-03 14:52:05.218000
-78.442,2013-10-03 14:52:05.359000
-65.542,2013-10-03 14:52:05.484000
-79.4,2013-10-03 14:52:05.609000
-71.538,2013-10-03 14:52:05.750000
-71.444,2013-10-03 14:52:05.875000
-62.533,2013-10-03 14:52:06.015000
-79.446,2013-10-03 14:52:06.156000
-77.926,2013-10-03 14:52:06.265000
-78.073,2013-10-03 14:52:06.390000
-78.924,2013-10-03 14:52:06.515000
-78.404,2013-10-03 14:52:06.640000
-78.625,2013-10-03 14:52:06.781000
-78.878,2013-10-03 14:52:06.906000
-78.433,2013-10-03 14:52:07.046000
-79.786,2013-10-03 14:52:07.187000
-80.828,2013-10-03 14:52:07.312000
-79.509,2013-10-03 14:52:07.437000
-78.777,2013-10-03 14:52:07.546000
-80.643,2013-10-03 14:52:07.671000
-78.7,2013-10-03 14:52:07.781000
-70.063,2013-10-03 14:52:07.906000
-70.209,2013-10-03 14:52:08.031000
-70.745,2013-10-03 14:52:08.156000
-79.119,2013-10-03 14:52:08.281000
-81.188,2013-10-03 14:52:08.406000
-81.064,2013-10-03 14:52:08.546000
-80.138,2013-10-03 14:52:08.671000
-79.051,2013-10-03 14:52:08.796000
-67.273,2013-10-03 14:52:08.937000
-81.517,2013-10-03 14:52:09.062000
-78.031,2013-10-03 14:52:09.187000
-78.031,2013-10-03 14:52:09.343000
-79.318,2013-10-03 14:52:09.468000
-78.991,2013-10-03 14:52:09.593000
-80.375,2013-10-03 14:52:09.718000
-65.574,2013-10-03 14:52:09.859000
-79.744,2013-10-03 14:52:09.984000
-63.6,2013-10-03 14:52:10.109000
-77.773,2013-10-03 14:52:10.250000
-79.616,2013-10-03 14:52:10.375000
-79.676,2013-10-03 14:52:10.484000
-80.495,2013-10-03 14:52:10.609000
-71.749,2013-10-03 14:52:10.734000
-71.993,2013-10-03 14:52:10.843000
-78.347,2013-10-03 14:52:10.968000
-79.958,2013-10-03 14:52:11.093000
-78.677,2013-10-03 14:52:11.218000
-81.289,2013-10-03 14:52:11.343000
-62.177,2013-10-03 14:52:11.484000
-78.469,2013-10-03 14:52:11.609000
-80.16,2013-10-03 14:52:11.734000
-77.576,2013-10-03 14:52:11.875000
-78.636,2013-10-03 14:52:12
-76.151,2013-10-03 14:52:12.109000
-76,2013-10-03 14:52:12.250000
-76,2013-10-03 14:52:12.390000
-63.339,2013-10-03 14:52:12.500000
-64.321,2013-10-03 14:52:12.640000
-68.477,2013-10-03 14:52:12.765000
-63.859,2013-10-03 14:52:12.890000
-76.42,2013-10-03 14:52:13.015000
-75.855,2013-10-03 14:52:13.156000
-76.704,2013-10-03 14:52:13.296000
-76.704,2013-10-03 14:52:13.421000
-76.404,2013-10-03 14:52:13.546000
-77.172,2013-10-03 14:52:13.656000
-79.381,2013-10-03 14:52:13.781000
-61.383,2013-10-03 14:52:13.890000
-76.411,2013-10-03 14:52:14.015000
-71.872,2013-10-03 14:52:14.156000
-78.071,2013-10-03 14:52:14.265000
-79.131,2013-10-03 14:52:14.390000
-75.478,2013-10-03 14:52:14.515000
-76.922,2013-10-03 14:52:14.625000
-76.811,2013-10-03 14:52:14.750000
-76.609,2013-10-03 14:52:14.875000
-63.155,2013-10-03 14:52:15
-64.345,2013-10-03 14:52:15.140000
-77.158,2013-10-03 14:52:15.250000
-78.093,2013-10-03 14:52:15.375000
-64.235,2013-10-03 14:52:15.500000
-62.617,2013-10-03 14:52:15.625000
-70.635,2013-10-03 14:52:15.750000
-77.39,2013-10-03 14:52:15.875000
-63.372,2013-10-03 14:52:16
-63.959,2013-10-03 14:52:16.125000
-75.798,2013-10-03 14:52:16.250000
-63.604,2013-10-03 14:52:16.390000
-76.343,2013-10-03 14:52:16.515000
-77.407,2013-10-03 14:52:16.640000
-62.746,2013-10-03 14:52:16.781000
-77.005,2013-10-03 14:52:16.906000
-77.219,2013-10-03 14:52:17.031000
-76.831,2013-10-03 14:52:17.156000
-80.059,2013-10-03 14:52:17.265000
-80.335,2013-10-03 14:52:17.390000
-64.816,2013-10-03 14:52:17.593000
-70.781,2013-10-03 14:52:17.718000
-81.97,2013-10-03 14:52:17.843000
-65.308,2013-10-03 14:52:17.984000
-80.415,2013-10-03 14:52:18.109000
-80.526,2013-10-03 14:52:18.234000
-79.939,2013-10-03 14:52:18.359000
-80.126,2013-10-03 14:52:18.484000
-81.906,2013-10-03 14:52:18.609000
-62.984,2013-10-03 14:52:18.734000
-82.221,2013-10-03 14:52:18.859000
-80.992,2013-10-03 14:52:19
-81.042,2013-10-03 14:52:19.125000
-80.031,2013-10-03 14:52:19.250000
-81.454,2013-10-03 14:52:19.375000
-81.705,2013-10-03 14:52:19.515000
-64.507,2013-10-03 14:52:19.656000
-81.876,2013-10-03 14:52:19.781000
-79.833,2013-10-03 14:52:19.906000
-79.901,2013-10-03 14:52:20.031000
-81.283,2013-10-03 14:52:20.156000
-81.672,2013-10-03 14:52:20.265000
-72.298,2013-10-03 14:52:20.390000
-71.963,2013-10-03 14:52:20.515000
-82.692,2013-10-03 14:52:20.625000
-82.746,2013-10-03 14:52:20.750000
-79.787,2013-10-03 14:52:20.875000
-62.819,2013-10-03 14:52:21
-64.502,2013-10-03 14:52:21.140000
-81.162,2013-10-03 14:52:21.250000
-80.632,2013-10-03 14:52:21.375000
-81.276,2013-10-03 14:52:21.500000
-81.888,2013-10-03 14:52:21.625000
-80.415,2013-10-03 14:52:21.750000
-81.746,2013-10-03 14:52:21.859000
-81.582,2013-10-03 14:52:22
-79.816,2013-10-03 14:52:22.125000
-80.658,2013-10-03 14:52:22.250000
-70.341,2013-10-03 14:52:22.375000
-70.301,2013-10-03 14:52:22.515000
-81.965,2013-10-03 14:52:22.656000
-79.087,2013-10-03 14:52:22.781000
-81.56,2013-10-03 14:52:22.906000
-81.932,2013-10-03 14:52:23.031000
-79.391,2013-10-03 14:52:23.156000
-77.783,2013-10-03 14:52:23.265000
-64.222,2013-10-03 14:52:23.390000
-79.837,2013-10-03 14:52:23.500000
-79.837,2013-10-03 14:52:23.640000
-75.989,2013-10-03 14:52:23.765000
-76.122,2013-10-03 14:52:23.875000
-75.901,2013-10-03 14:52:24.015000
-71.581,2013-10-03 14:52:24.140000
-78.544,2013-10-03 14:52:24.250000
-79.181,2013-10-03 14:52:24.375000
-77.369,2013-10-03 14:52:24.484000
-77.624,2013-10-03 14:52:24.625000
-78.115,2013-10-03 14:52:24.750000
-66.012,2013-10-03 14:52:24.875000
-77.088,2013-10-03 14:52:25
-77.074,2013-10-03 14:52:25.140000
-70.66,2013-10-03 14:52:25.265000
-71.554,2013-10-03 14:52:25.390000
-76.524,2013-10-03 14:52:25.531000
-64.018,2013-10-03 14:52:25.671000
-78.253,2013-10-03 14:52:25.796000
-76.767,2013-10-03 14:52:25.921000
-76.991,2013-10-03 14:52:26.046000
-64.059,2013-10-03 14:52:26.171000
-76.816,2013-10-03 14:52:26.296000
-76.925,2013-10-03 14:52:26.406000
-77.715,2013-10-03 14:52:26.515000
-77.472,2013-10-03 14:52:26.640000
-75.614,2013-10-03 14:52:26.765000
-77.19,2013-10-03 14:52:26.890000
-69.345,2013-10-03 14:52:27.015000
-76.369,2013-10-03 14:52:27.156000
-71.144,2013-10-03 14:52:27.265000
-66.531,2013-10-03 14:52:27.390000
-77.49,2013-10-03 14:52:27.500000
-64.441,2013-10-03 14:52:27.625000
-78.352,2013-10-03 14:52:27.765000
-78.632,2013-10-03 14:52:27.875000
-64.292,2013-10-03 14:52:28.015000
-67.923,2013-10-03 14:52:28.140000
-78.668,2013-10-03 14:52:28.250000
-68.175,2013-10-03 14:52:28.390000
-79.122,2013-10-03 14:52:28.546000
-64.264,2013-10-03 14:52:28.687000
-67.661,2013-10-03 14:52:28.812000
-78.139,2013-10-03 14:52:28.953000
-78.093,2013-10-03 14:52:29.062000
-77.951,2013-10-03 14:52:29.187000
-77.11,2013-10-03 14:52:29.312000
-69.333,2013-10-03 14:52:29.421000
-76.815,2013-10-03 14:52:29.546000
-77.565,2013-10-03 14:52:29.656000
-80.604,2013-10-03 14:52:29.796000
-78.862,2013-10-03 14:52:29.921000
-71.739,2013-10-03 14:52:30.046000
-70.453,2013-10-03 14:52:30.171000
-77.382,2013-10-03 14:52:30.296000
-78.203,2013-10-03 14:52:30.421000
-79.528,2013-10-03 14:52:30.531000
-79.996,2013-10-03 14:52:30.656000
-78.108,2013-10-03 14:52:30.781000
-79.258,2013-10-03 14:52:30.921000
-79.322,2013-10-03 14:52:31.046000
-77.675,2013-10-03 14:52:31.171000
-76.922,2013-10-03 14:52:31.312000
-79.892,2013-10-03 14:52:31.437000
-63.013,2013-10-03 14:52:31.578000
-79.788,2013-10-03 14:52:31.718000
-79.788,2013-10-03 14:52:31.843000
-80.891,2013-10-03 14:52:31.984000
-70.856,2013-10-03 14:52:32.109000
-70.444,2013-10-03 14:52:32.234000
-78.977,2013-10-03 14:52:32.359000
-79.014,2013-10-03 14:52:32.468000
-60.921,2013-10-03 14:52:32.593000
-76.443,2013-10-03 14:52:32.703000
-74.788,2013-10-03 14:52:32.828000
-76.29,2013-10-03 14:52:32.953000
-77.068,2013-10-03 14:52:33.093000
-78.475,2013-10-03 14:52:33.218000
-79.554,2013-10-03 14:52:33.343000
-71.313,2013-10-03 14:52:33.468000
-63.465,2013-10-03 14:52:33.593000
-77.29,2013-10-03 14:52:33.703000
-77.445,2013-10-03 14:52:33.843000
-78.5,2013-10-03 14:52:33.968000
-77.074,2013-10-03 14:52:34.109000
-80.619,2013-10-03 14:52:34.234000
-75.933,2013-10-03 14:52:34.359000
-63.595,2013-10-03 14:52:34.500000
-64.865,2013-10-03 14:52:34.625000
-62.813,2013-10-03 14:52:34.765000
-72.069,2013-10-03 14:52:34.906000
-71.997,2013-10-03 14:52:35.031000
-77.256,2013-10-03 14:52:35.156000
-79.804,2013-10-03 14:52:35.265000
-71.435,2013-10-03 14:52:35.375000
-77.867,2013-10-03 14:52:35.500000
-64.659,2013-10-03 14:52:35.625000
-76.605,2013-10-03 14:52:35.734000
-77.439,2013-10-03 14:52:35.859000
-64.525,2013-10-03 14:52:36
-78.255,2013-10-03 14:52:36.125000
-79.988,2013-10-03 14:52:36.234000
-78.056,2013-10-03 14:52:36.359000
-78.673,2013-10-03 14:52:36.484000
-77.149,2013-10-03 14:52:36.609000
-78.538,2013-10-03 14:52:36.718000
-71.311,2013-10-03 14:52:36.859000
-71.311,2013-10-03 14:52:37
-61.399,2013-10-03 14:52:37.125000
-77.254,2013-10-03 14:52:37.250000
-62.881,2013-10-03 14:52:37.375000
-78.648,2013-10-03 14:52:37.500000
-76.847,2013-10-03 14:52:37.640000
-75.987,2013-10-03 14:52:37.765000
-77.941,2013-10-03 14:52:37.906000
-64.336,2013-10-03 14:52:38.031000
-78.475,2013-10-03 14:52:38.171000
-74.614,2013-10-03 14:52:38.281000
-76.178,2013-10-03 14:52:38.390000
-78.193,2013-10-03 14:52:38.515000
-78.167,2013-10-03 14:52:38.625000
-78.927,2013-10-03 14:52:38.750000
-78.881,2013-10-03 14:52:38.859000
-63.854,2013-10-03 14:52:39
-77.93,2013-10-03 14:52:39.125000
-78.107,2013-10-03 14:52:39.250000
-78.193,2013-10-03 14:52:39.359000
-63.364,2013-10-03 14:52:39.484000
-77.514,2013-10-03 14:52:39.609000
-72.178,2013-10-03 14:52:39.734000
-65.203,2013-10-03 14:52:39.843000
-61.759,2013-10-03 14:52:39.984000
-79.176,2013-10-03 14:52:40.125000
-78.199,2013-10-03 14:52:40.250000
-78.448,2013-10-03 14:52:40.375000
-77.213,2013-10-03 14:52:40.500000
-77.37,2013-10-03 14:52:40.640000
-78.709,2013-10-03 14:52:40.765000
-77.088,2013-10-03 14:52:40.906000
-78.309,2013-10-03 14:52:41.046000
-63.179,2013-10-03 14:52:41.171000
-77.73,2013-10-03 14:52:41.281000
-78.495,2013-10-03 14:52:41.406000
-77.268,2013-10-03 14:52:41.515000
-64.2,2013-10-03 14:52:41.640000
-69.694,2013-10-03 14:52:41.750000
-69.758,2013-10-03 14:52:41.875000
-76.811,2013-10-03 14:52:42
-63.764,2013-10-03 14:52:42.125000
-78.133,2013-10-03 14:52:42.250000
-77.289,2013-10-03 14:52:42.375000
-77.783,2013-10-03 14:52:42.484000
-74.792,2013-10-03 14:52:42.609000
-77.986,2013-10-03 14:52:42.734000
-79.96,2013-10-03 14:52:42.843000
-77.923,2013-10-03 14:52:42.984000
-77.364,2013-10-03 14:52:43.125000
-78.942,2013-10-03 14:52:43.250000
-78.985,2013-10-03 14:52:43.375000
-77.438,2013-10-03 14:52:43.500000
-78.195,2013-10-03 14:52:43.640000
-79.047,2013-10-03 14:52:43.796000
-79.55,2013-10-03 14:52:43.937000
-62.178,2013-10-03 14:52:44.062000
-78.764,2013-10-03 14:52:44.203000
-77.888,2013-10-03 14:52:44.328000
-79.432,2013-10-03 14:52:44.437000
-72.172,2013-10-03 14:52:44.562000
-72.194,2013-10-03 14:52:44.671000
-75.258,2013-10-03 14:52:44.781000
-77.383,2013-10-03 14:52:44.906000
-77.552,2013-10-03 14:52:45.031000
-77.153,2013-10-03 14:52:45.171000
-77.932,2013-10-03 14:52:45.296000
-78.114,2013-10-03 14:52:45.421000
-79.285,2013-10-03 14:52:45.531000
-77.262,2013-10-03 14:52:45.656000
-79.803,2013-10-03 14:52:45.781000
-61.383,2013-10-03 14:52:45.890000
-80.343,2013-10-03 14:52:46.031000
-76.18,2013-10-03 14:52:46.156000
-76.18,2013-10-03 14:52:46.281000
-79.128,2013-10-03 14:52:46.421000
-64.873,2013-10-03 14:52:46.546000
-71.083,2013-10-03 14:52:46.671000
-78.479,2013-10-03 14:52:46.812000
-68.122,2013-10-03 14:52:46.937000
-78.458,2013-10-03 14:52:47.062000
-62.04,2013-10-03 14:52:47.203000
-77.484,2013-10-03 14:52:47.328000
-69.674,2013-10-03 14:52:47.453000
-78.949,2013-10-03 14:52:47.562000
-78.352,2013-10-03 14:52:47.687000
-68.354,2013-10-03 14:52:47.796000
-63.956,2013-10-03 14:52:47.906000
-79.549,2013-10-03 14:52:48.046000
-79.934,2013-10-03 14:52:48.171000
-79.52,2013-10-03 14:52:48.296000
-79.418,2013-10-03 14:52:48.421000
-79.062,2013-10-03 14:52:48.531000
-79.747,2013-10-03 14:52:48.656000
-78.711,2013-10-03 14:52:48.781000
-63.784,2013-10-03 14:52:48.890000
-79.434,2013-10-03 14:52:49.031000
-79.484,2013-10-03 14:52:49.156000
-80.781,2013-10-03 14:52:49.281000
-71.871,2013-10-03 14:52:49.406000
-62.62,2013-10-03 14:52:49.531000
-79.432,2013-10-03 14:52:49.671000
-80.089,2013-10-03 14:52:49.796000
-78.636,2013-10-03 14:52:49.921000
-78.851,2013-10-03 14:52:50.062000
-62.869,2013-10-03 14:52:50.187000
-78.255,2013-10-03 14:52:50.328000
-63.939,2013-10-03 14:52:50.437000
-80.141,2013-10-03 14:52:50.562000
-67.213,2013-10-03 14:52:50.671000
-79.457,2013-10-03 14:52:50.796000
-77.608,2013-10-03 14:52:50.921000
-63.268,2013-10-03 14:52:51.046000
-81.032,2013-10-03 14:52:51.171000
-80.43,2013-10-03 14:52:51.281000
-70.271,2013-10-03 14:52:51.406000
-61.02,2013-10-03 14:52:51.531000
-69.184,2013-10-03 14:52:51.656000
-69.507,2013-10-03 14:52:51.781000
-65.39,2013-10-03 14:52:51.890000
-70.941,2013-10-03 14:52:52.031000
-69.838,2013-10-03 14:52:52.156000
-69.489,2013-10-03 14:52:52.265000
-60.757,2013-10-03 14:52:52.406000
-70.089,2013-10-03 14:52:52.531000
-62.22,2013-10-03 14:52:52.656000
-69.996,2013-10-03 14:52:52.796000
-62.256,2013-10-03 14:52:52.921000
-61.547,2013-10-03 14:52:53.046000
-68.975,2013-10-03 14:52:53.187000
-64.51,2013-10-03 14:52:53.312000
-68.307,2013-10-03 14:52:53.437000
-69.328,2013-10-03 14:52:53.562000
-61.485,2013-10-03 14:52:53.671000
-69.45,2013-10-03 14:52:53.796000
-63.025,2013-10-03 14:52:53.906000
-65.976,2013-10-03 14:52:54.031000
-61.964,2013-10-03 14:52:54.156000
-67.013,2013-10-03 14:52:54.281000
-66.592,2013-10-03 14:52:54.406000
-70.395,2013-10-03 14:52:54.531000
-60.868,2013-10-03 14:52:54.656000
-70.67,2013-10-03 14:52:54.765000
-70.596,2013-10-03 14:52:54.890000
-69.416,2013-10-03 14:52:55.015000
-70.449,2013-10-03 14:52:55.156000
-70.081,2013-10-03 14:52:55.265000
-71.073,2013-10-03 14:52:55.390000
-69.056,2013-10-03 14:52:55.531000
-69.579,2013-10-03 14:52:55.640000
-69.687,2013-10-03 14:52:55.765000
-70.205,2013-10-03 14:52:55.890000
-69.329,2013-10-03 14:52:56.015000
-69.608,2013-10-03 14:52:56.156000
-70.138,2013-10-03 14:52:56.265000
-69.929,2013-10-03 14:52:56.390000
-70.601,2013-10-03 14:52:56.515000
-63.771,2013-10-03 14:52:56.640000
-63.847,2013-10-03 14:52:56.750000
-69.306,2013-10-03 14:52:56.859000
-61.877,2013-10-03 14:52:56.984000
-68.828,2013-10-03 14:52:57.125000
-69.689,2013-10-03 14:52:57.234000
-70.019,2013-10-03 14:52:57.359000
-69.575,2013-10-03 14:52:57.484000
-70.384,2013-10-03 14:52:57.609000
-69.885,2013-10-03 14:52:57.734000
-70.371,2013-10-03 14:52:57.843000
-71.133,2013-10-03 14:52:57.968000
-70.332,2013-10-03 14:52:58.109000
-70.125,2013-10-03 14:52:58.234000
-71.894,2013-10-03 14:52:58.359000
-71.103,2013-10-03 14:52:58.484000
-67.939,2013-10-03 14:52:58.609000
-62.688,2013-10-03 14:52:58.734000
-62.343,2013-10-03 14:52:58.859000
-63.764,2013-10-03 14:52:59.015000
-67.382,2013-10-03 14:52:59.140000
-71.145,2013-10-03 14:52:59.250000
-71.484,2013-10-03 14:52:59.375000
-71.316,2013-10-03 14:52:59.515000
-69.589,2013-10-03 14:52:59.640000
-61.505,2013-10-03 14:52:59.750000
-71.084,2013-10-03 14:52:59.859000
-70.687,2013-10-03 14:53:00
-70.93,2013-10-03 14:53:00.125000
-69.753,2013-10-03 14:53:00.234000
-70.288,2013-10-03 14:53:00.343000
-70.813,2013-10-03 14:53:00.484000
-70.406,2013-10-03 14:53:00.687000
-70.658,2013-10-03 14:53:00.796000
-62.311,2013-10-03 14:53:00.921000
-70.769,2013-10-03 14:53:01.046000
-62.18,2013-10-03 14:53:01.187000
-71.337,2013-10-03 14:53:01.312000
-71.182,2013-10-03 14:53:01.437000
-71.323,2013-10-03 14:53:01.578000
-70.528,2013-10-03 14:53:01.703000
-71.045,2013-10-03 14:53:01.843000
-62.133,2013-10-03 14:53:01.968000
-64.484,2013-10-03 14:53:02.109000
-80.048,2013-10-03 14:53:02.234000
-79.405,2013-10-03 14:53:02.359000
-79.351,2013-10-03 14:53:02.468000
-81.019,2013-10-03 14:53:02.609000
-80.288,2013-10-03 14:53:02.718000
-79.832,2013-10-03 14:53:02.843000
-80.296,2013-10-03 14:53:02.968000
-65.208,2013-10-03 14:53:03.093000
-79.074,2013-10-03 14:53:03.218000
-65.28,2013-10-03 14:53:03.343000
-80.456,2013-10-03 14:53:03.453000
-80.261,2013-10-03 14:53:03.578000
-77.37,2013-10-03 14:53:03.718000
-71.928,2013-10-03 14:53:03.828000
-72.37,2013-10-03 14:53:03.968000
-78.354,2013-10-03 14:53:04.093000
-69.206,2013-10-03 14:53:04.218000
-79.905,2013-10-03 14:53:04.343000
-79.368,2013-10-03 14:53:04.484000
-63.252,2013-10-03 14:53:04.625000
-63.6,2013-10-03 14:53:04.765000
-79.34,2013-10-03 14:53:04.890000
-76.307,2013-10-03 14:53:05.031000
-70.721,2013-10-03 14:53:05.156000
-78.25,2013-10-03 14:53:05.265000
-77.681,2013-10-03 14:53:05.390000
-78.755,2013-10-03 14:53:05.515000
-80.531,2013-10-03 14:53:05.640000
-79.125,2013-10-03 14:53:05.765000
-63.373,2013-10-03 14:53:05.890000
-77.3,2013-10-03 14:53:06.015000
-76.589,2013-10-03 14:53:06.140000
-76.997,2013-10-03 14:53:06.250000
-62.655,2013-10-03 14:53:06.359000
-80.306,2013-10-03 14:53:06.484000
-70.254,2013-10-03 14:53:06.593000
-71.356,2013-10-03 14:53:06.718000
-69.828,2013-10-03 14:53:06.843000
-79.599,2013-10-03 14:53:06.984000
-64.057,2013-10-03 14:53:07.109000
-78.73,2013-10-03 14:53:07.218000
-63.237,2013-10-03 14:53:07.343000
-70.364,2013-10-03 14:53:07.484000
-63.026,2013-10-03 14:53:07.609000
-78.583,2013-10-03 14:53:07.750000
-77.87,2013-10-03 14:53:07.890000
-67.734,2013-10-03 14:53:08.015000
-77.652,2013-10-03 14:53:08.156000
-77.161,2013-10-03 14:53:08.265000
-78.683,2013-10-03 14:53:08.390000
-79.744,2013-10-03 14:53:08.500000
-61.982,2013-10-03 14:53:08.625000
-72.849,2013-10-03 14:53:08.765000
-71.857,2013-10-03 14:53:08.875000
-78.722,2013-10-03 14:53:09
-78.184,2013-10-03 14:53:09.125000
-78.286,2013-10-03 14:53:09.234000
-78.87,2013-10-03 14:53:09.359000
-77.36,2013-10-03 14:53:09.468000
-78.588,2013-10-03 14:53:09.593000
-78.551,2013-10-03 14:53:09.718000
-63.397,2013-10-03 14:53:09.875000
-81.506,2013-10-03 14:53:10.062000
-78.636,2013-10-03 14:53:10.187000
-71.164,2013-10-03 14:53:10.312000
-82.426,2013-10-03 14:53:10.437000
-80.619,2013-10-03 14:53:10.578000
-63.304,2013-10-03 14:53:10.703000
-81.008,2013-10-03 14:53:10.781000
-63.912,2013-10-03 14:53:10.984000
-78.941,2013-10-03 14:53:11.109000
-64.322,2013-10-03 14:53:11.234000
-78.926,2013-10-03 14:53:11.359000
-68.767,2013-10-03 14:53:11.484000
-71.484,2013-10-03 14:53:11.593000
-77.943,2013-10-03 14:53:11.718000
-79.244,2013-10-03 14:53:11.859000
-63.084,2013-10-03 14:53:11.984000
-76.045,2013-10-03 14:53:12.109000
-78.856,2013-10-03 14:53:12.234000
-79.287,2013-10-03 14:53:12.343000
-64.586,2013-10-03 14:53:12.468000
-79.104,2013-10-03 14:53:12.578000
-80.097,2013-10-03 14:53:12.703000
-79.191,2013-10-03 14:53:12.828000
-79.924,2013-10-03 14:53:12.968000
-79.971,2013-10-03 14:53:13.093000
-78.277,2013-10-03 14:53:13.203000
-67.102,2013-10-03 14:53:13.328000
-71.993,2013-10-03 14:53:13.468000
-72.311,2013-10-03 14:53:13.593000
-80.033,2013-10-03 14:53:13.718000
-78.066,2013-10-03 14:53:13.859000
-69.358,2013-10-03 14:53:14
-78.129,2013-10-03 14:53:14.140000
-82.341,2013-10-03 14:53:14.265000
-79.951,2013-10-03 14:53:14.390000
-78.23,2013-10-03 14:53:14.515000
-78.878,2013-10-03 14:53:14.625000
-81.026,2013-10-03 14:53:14.750000
-80.496,2013-10-03 14:53:14.875000
-77.936,2013-10-03 14:53:15.015000
-63.696,2013-10-03 14:53:15.140000
-79.394,2013-10-03 14:53:15.250000
-80.453,2013-10-03 14:53:15.359000
-62.394,2013-10-03 14:53:15.484000
-82.066,2013-10-03 14:53:15.593000
-80.893,2013-10-03 14:53:15.718000
-61.575,2013-10-03 14:53:15.843000
-83.219,2013-10-03 14:53:15.968000
-64.606,2013-10-03 14:53:16.109000
-80.869,2013-10-03 14:53:16.218000
-61.344,2013-10-03 14:53:16.343000
-70.05,2013-10-03 14:53:16.484000
-64.084,2013-10-03 14:53:16.609000
-81.55,2013-10-03 14:53:16.750000
-64.175,2013-10-03 14:53:16.875000
-72.819,2013-10-03 14:53:17.015000
-80.853,2013-10-03 14:53:17.140000
-82.916,2013-10-03 14:53:17.250000
-82.602,2013-10-03 14:53:17.390000
-81.638,2013-10-03 14:53:17.515000
-82.509,2013-10-03 14:53:17.640000
-65.554,2013-10-03 14:53:17.781000
-81.103,2013-10-03 14:53:17.906000
-81.103,2013-10-03 14:53:18.046000
-79.077,2013-10-03 14:53:18.171000
-73.372,2013-10-03 14:53:18.296000
-72.443,2013-10-03 14:53:18.421000
-72.702,2013-10-03 14:53:18.531000
-80.275,2013-10-03 14:53:18.656000
-79.895,2013-10-03 14:53:18.796000
-79.646,2013-10-03 14:53:18.921000
-63.287,2013-10-03 14:53:19.046000
-63.069,2013-10-03 14:53:19.171000
-80.116,2013-10-03 14:53:19.281000
-81.654,2013-10-03 14:53:19.406000
-78.879,2013-10-03 14:53:19.515000
-80.928,2013-10-03 14:53:19.640000
-79.555,2013-10-03 14:53:19.750000
-80.097,2013-10-03 14:53:19.875000
-78.839,2013-10-03 14:53:20
-83.103,2013-10-03 14:53:20.140000
-81.869,2013-10-03 14:53:20.265000
-64.259,2013-10-03 14:53:20.390000
-82.252,2013-10-03 14:53:20.531000
-80.455,2013-10-03 14:53:20.656000
-62.591,2013-10-03 14:53:20.781000
-62.998,2013-10-03 14:53:20.921000
-81.368,2013-10-03 14:53:21.062000
-61.309,2013-10-03 14:53:21.187000
-61.375,2013-10-03 14:53:21.312000
-82.1,2013-10-03 14:53:21.437000
-83.027,2013-10-03 14:53:21.562000
-63.27,2013-10-03 14:53:21.687000
-82.942,2013-10-03 14:53:21.812000
-83.405,2013-10-03 14:53:21.937000
-82.183,2013-10-03 14:53:22.078000
-63.881,2013-10-03 14:53:22.218000
-85.902,2013-10-03 14:53:22.343000
-80.115,2013-10-03 14:53:22.468000
-83.627,2013-10-03 14:53:22.593000
-82.292,2013-10-03 14:53:22.734000
-72.107,2013-10-03 14:53:22.859000
-64.152,2013-10-03 14:53:22.984000
-64.26,2013-10-03 14:53:23.125000
-72.78,2013-10-03 14:53:23.265000
-77.688,2013-10-03 14:53:23.390000
-82.128,2013-10-03 14:53:23.531000
-63.716,2013-10-03 14:53:23.656000
-81.462,2013-10-03 14:53:23.781000
-79.975,2013-10-03 14:53:23.921000
-62.814,2013-10-03 14:53:24.046000
-82.197,2013-10-03 14:53:24.187000
-82.551,2013-10-03 14:53:24.312000
-80.602,2013-10-03 14:53:24.437000
-63.97,2013-10-03 14:53:24.546000
-81.526,2013-10-03 14:53:24.671000
-63.831,2013-10-03 14:53:24.812000
-80.749,2013-10-03 14:53:24.937000
-79.638,2013-10-03 14:53:25.062000
-82.569,2013-10-03 14:53:25.187000
-82.569,2013-10-03 14:53:25.312000
-81.731,2013-10-03 14:53:25.437000
-80.663,2013-10-03 14:53:25.562000
-80.714,2013-10-03 14:53:25.671000
-81.59,2013-10-03 14:53:25.796000
-63.305,2013-10-03 14:53:25.921000
-68.817,2013-10-03 14:53:26.046000
-63.648,2013-10-03 14:53:26.187000
-63.648,2013-10-03 14:53:26.328000
-79.546,2013-10-03 14:53:26.453000
-80.996,2013-10-03 14:53:26.593000
-82.406,2013-10-03 14:53:26.718000
-82.044,2013-10-03 14:53:26.859000
-82.009,2013-10-03 14:53:26.984000
-63.154,2013-10-03 14:53:27.125000
-77.879,2013-10-03 14:53:27.265000
-80.375,2013-10-03 14:53:27.390000
-70.546,2013-10-03 14:53:27.515000
-82.879,2013-10-03 14:53:27.640000
-80.181,2013-10-03 14:53:27.765000
-64.198,2013-10-03 14:53:27.890000
-62.39,2013-10-03 14:53:28.031000
-66.75,2013-10-03 14:53:28.156000
-81.413,2013-10-03 14:53:28.265000
-63.411,2013-10-03 14:53:28.406000
-64.323,2013-10-03 14:53:28.531000
-82.859,2013-10-03 14:53:28.656000
-81.269,2013-10-03 14:53:28.796000
-83.855,2013-10-03 14:53:28.921000
-83.091,2013-10-03 14:53:29.062000
-67.575,2013-10-03 14:53:29.187000
-73.508,2013-10-03 14:53:29.343000
-82.724,2013-10-03 14:53:29.484000
-81.94,2013-10-03 14:53:29.609000
-81.037,2013-10-03 14:53:29.734000
-81.484,2013-10-03 14:53:29.859000
-80.684,2013-10-03 14:53:30
-81.914,2013-10-03 14:53:30.125000
-81.132,2013-10-03 14:53:30.234000
-66.068,2013-10-03 14:53:30.375000
-79.741,2013-10-03 14:53:30.500000
-81.65,2013-10-03 14:53:30.609000
-79.653,2013-10-03 14:53:30.718000
-69.744,2013-10-03 14:53:30.843000
-70.612,2013-10-03 14:53:30.968000
-81.634,2013-10-03 14:53:31.093000
-80.89,2013-10-03 14:53:31.218000
-79.264,2013-10-03 14:53:31.328000
-80.763,2013-10-03 14:53:31.468000
-82.323,2013-10-03 14:53:31.593000
-82.922,2013-10-03 14:53:31.718000
-79.957,2013-10-03 14:53:31.859000
-82.525,2013-10-03 14:53:31.984000
-68.577,2013-10-03 14:53:32.109000
-62.854,2013-10-03 14:53:32.234000
-79.59,2013-10-03 14:53:32.375000
-79.59,2013-10-03 14:53:32.515000
-80.47,2013-10-03 14:53:32.640000
-62.115,2013-10-03 14:53:32.781000
-72.058,2013-10-03 14:53:32.906000
-72.376,2013-10-03 14:53:33.046000
-83.265,2013-10-03 14:53:33.171000
-68.509,2013-10-03 14:53:33.296000
-80.508,2013-10-03 14:53:33.421000
-78.812,2013-10-03 14:53:33.562000
-81.079,2013-10-03 14:53:33.687000
-81.104,2013-10-03 14:53:33.812000
-65.138,2013-10-03 14:53:33.937000
-82.001,2013-10-03 14:53:34.062000
-80.114,2013-10-03 14:53:34.171000
-64.907,2013-10-03 14:53:34.281000
-80.484,2013-10-03 14:53:34.421000
-80.484,2013-10-03 14:53:34.562000
-63.453,2013-10-03 14:53:34.687000
-83.188,2013-10-03 14:53:34.828000
-83.225,2013-10-03 14:53:34.953000
-81.209,2013-10-03 14:53:35.078000
-82.435,2013-10-03 14:53:35.203000
-84.331,2013-10-03 14:53:35.343000
-81.514,2013-10-03 14:53:35.484000
-71.147,2013-10-03 14:53:35.609000
-70.697,2013-10-03 14:53:35.750000
-63.431,2013-10-03 14:53:35.875000
-83.136,2013-10-03 14:53:36
-80.306,2013-10-03 14:53:36.125000
-81.273,2013-10-03 14:53:36.265000
-82.224,2013-10-03 14:53:36.390000
-80.755,2013-10-03 14:53:36.531000
-82.042,2013-10-03 14:53:36.656000
-62.587,2013-10-03 14:53:36.796000
-83.806,2013-10-03 14:53:36.921000
-63.398,2013-10-03 14:53:37.046000
-81.888,2013-10-03 14:53:37.171000
-67.829,2013-10-03 14:53:37.296000
-80.916,2013-10-03 14:53:37.421000
-64.813,2013-10-03 14:53:37.546000
-64.289,2013-10-03 14:53:37.687000
-63.522,2013-10-03 14:53:37.812000
-81.301,2013-10-03 14:53:37.953000
-83.922,2013-10-03 14:53:38.078000
-65.591,2013-10-03 14:53:38.203000
-81.797,2013-10-03 14:53:38.328000
-80.437,2013-10-03 14:53:38.453000
-76.49,2013-10-03 14:53:38.593000
-80.385,2013-10-03 14:53:38.718000
-82.029,2013-10-03 14:53:38.843000
-81.795,2013-10-03 14:53:38.984000
-72.233,2013-10-03 14:53:39.109000
-83.729,2013-10-03 14:53:39.234000
-82.656,2013-10-03 14:53:39.359000
-67.919,2013-10-03 14:53:39.484000
-64.309,2013-10-03 14:53:39.609000
-80.748,2013-10-03 14:53:39.734000
-80.267,2013-10-03 14:53:39.859000
-79.923,2013-10-03 14:53:39.984000
-82.408,2013-10-03 14:53:40.109000
-79.926,2013-10-03 14:53:40.218000
-67.49,2013-10-03 14:53:40.343000
-71.21,2013-10-03 14:53:40.468000
-70.11,2013-10-03 14:53:40.593000
-81.709,2013-10-03 14:53:40.734000
-80.249,2013-10-03 14:53:40.859000
-68.7,2013-10-03 14:53:40.984000
-70.323,2013-10-03 14:53:41.109000
-81.064,2013-10-03 14:53:41.234000
-80.132,2013-10-03 14:53:41.359000
-64.223,2013-10-03 14:53:41.484000
-80.493,2013-10-03 14:53:41.609000
-64.413,2013-10-03 14:53:41.750000
-79.77,2013-10-03 14:53:41.890000
-63.764,2013-10-03 14:53:42.031000
-81.61,2013-10-03 14:53:42.140000
-80.549,2013-10-03 14:53:42.265000
-78.155,2013-10-03 14:53:42.390000
-72.31,2013-10-03 14:53:42.515000
-72.025,2013-10-03 14:53:42.640000
-79.022,2013-10-03 14:53:42.781000
-78.372,2013-10-03 14:53:42.906000
-79.334,2013-10-03 14:53:43.031000
-64.171,2013-10-03 14:53:43.156000
-79.756,2013-10-03 14:53:43.265000
-78.078,2013-10-03 14:53:43.390000
-79.328,2013-10-03 14:53:43.515000
-80.331,2013-10-03 14:53:43.625000
-80.733,2013-10-03 14:53:43.765000
-80.545,2013-10-03 14:53:43.906000
-64.869,2013-10-03 14:53:44.015000
-80.494,2013-10-03 14:53:44.140000
-79.028,2013-10-03 14:53:44.250000
-80.75,2013-10-03 14:53:44.390000
-71.72,2013-10-03 14:53:44.531000
-78.619,2013-10-03 14:53:44.671000
-80.634,2013-10-03 14:53:44.812000
-62.162,2013-10-03 14:53:44.953000
-65.134,2013-10-03 14:53:45.078000
-63.103,2013-10-03 14:53:45.218000
-63.337,2013-10-03 14:53:45.343000
-61.671,2013-10-03 14:53:45.468000
-64.123,2013-10-03 14:53:45.593000
-81.893,2013-10-03 14:53:45.734000
-80.393,2013-10-03 14:53:45.875000
-64.628,2013-10-03 14:53:46
-81.342,2013-10-03 14:53:46.125000
-81.574,2013-10-03 14:53:46.250000
-75.194,2013-10-03 14:53:46.375000
-83.162,2013-10-03 14:53:46.500000
-80.806,2013-10-03 14:53:46.625000
-80.808,2013-10-03 14:53:46.765000
-80.808,2013-10-03 14:53:46.890000
-79.981,2013-10-03 14:53:47.031000
-81.117,2013-10-03 14:53:47.140000
-71.881,2013-10-03 14:53:47.265000
-72.973,2013-10-03 14:53:47.390000
-72.644,2013-10-03 14:53:47.515000
-80.286,2013-10-03 14:53:47.640000
-80.157,2013-10-03 14:53:47.781000
-79.847,2013-10-03 14:53:47.921000
-63.134,2013-10-03 14:53:48.046000
-80.229,2013-10-03 14:53:48.187000
-80.476,2013-10-03 14:53:48.312000
-82.353,2013-10-03 14:53:48.437000
-80.811,2013-10-03 14:53:48.562000
-81.595,2013-10-03 14:53:48.687000
-81.386,2013-10-03 14:53:48.828000
-77.716,2013-10-03 14:53:48.968000
-79.952,2013-10-03 14:53:49.093000
-81.304,2013-10-03 14:53:49.218000
-80.367,2013-10-03 14:53:49.343000
-81.646,2013-10-03 14:53:49.453000
-80.151,2013-10-03 14:53:49.578000
-68.378,2013-10-03 14:53:49.687000
-77.575,2013-10-03 14:53:49.812000
-65.028,2013-10-03 14:53:49.937000
-79.859,2013-10-03 14:53:50.062000
-61.922,2013-10-03 14:53:50.187000
-72.32,2013-10-03 14:53:50.312000
-63.56,2013-10-03 14:53:50.453000
-79.99,2013-10-03 14:53:50.562000
-64.016,2013-10-03 14:53:50.703000
-81.758,2013-10-03 14:53:50.828000
-63.553,2013-10-03 14:53:50.968000
-63.468,2013-10-03 14:53:51.109000
-63.81,2013-10-03 14:53:51.250000
-81.635,2013-10-03 14:53:51.375000
-81.015,2013-10-03 14:53:51.500000
-63.489,2013-10-03 14:53:51.625000
-64.679,2013-10-03 14:53:51.750000
-80.746,2013-10-03 14:53:51.890000
-79.697,2013-10-03 14:53:52.031000
-62.095,2013-10-03 14:53:52.156000
-71.595,2013-10-03 14:53:52.265000
-79.574,2013-10-03 14:53:52.390000
-78.818,2013-10-03 14:53:52.515000
-65.048,2013-10-03 14:53:52.640000
-81.137,2013-10-03 14:53:52.765000
-64.556,2013-10-03 14:53:52.906000
-67.546,2013-10-03 14:53:53.031000
-81.162,2013-10-03 14:53:53.171000
-82.598,2013-10-03 14:53:53.281000
-79.661,2013-10-03 14:53:53.421000
-79.666,2013-10-03 14:53:53.546000
-81.124,2013-10-03 14:53:53.671000
-63.148,2013-10-03 14:53:53.796000
-80.898,2013-10-03 14:53:53.937000
-80.71,2013-10-03 14:53:54.078000
-79.84,2013-10-03 14:53:54.203000
-82.841,2013-10-03 14:53:54.343000
-80.8,2013-10-03 14:53:54.468000
-79.169,2013-10-03 14:53:54.593000
-63.63,2013-10-03 14:53:54.734000
-77.381,2013-10-03 14:53:54.859000
-65.122,2013-10-03 14:53:55
-61.962,2013-10-03 14:53:55.125000
-63.461,2013-10-03 14:53:55.250000
-78.662,2013-10-03 14:53:55.375000
-65.099,2013-10-03 14:53:55.500000
-77.364,2013-10-03 14:53:55.625000
-71.536,2013-10-03 14:53:55.750000
-78.496,2013-10-03 14:53:55.890000
-64.454,2013-10-03 14:53:56.015000
-79.438,2013-10-03 14:53:56.140000
-78.118,2013-10-03 14:53:56.265000
-77.736,2013-10-03 14:53:56.390000
-77.605,2013-10-03 14:53:56.515000
-76.497,2013-10-03 14:53:56.656000
-61.793,2013-10-03 14:53:56.781000
-70.818,2013-10-03 14:53:56.906000
-72.356,2013-10-03 14:53:57.046000
-72.521,2013-10-03 14:53:57.187000
-78.177,2013-10-03 14:53:57.312000
-78.658,2013-10-03 14:53:57.453000
-78.32,2013-10-03 14:53:57.578000
-63.618,2013-10-03 14:53:57.703000
-77.954,2013-10-03 14:53:57.843000
-78.503,2013-10-03 14:53:57.968000
-77.815,2013-10-03 14:53:58.109000
-64.406,2013-10-03 14:53:58.250000
-66.151,2013-10-03 14:53:58.375000
-63.727,2013-10-03 14:53:58.500000
-63.708,2013-10-03 14:53:58.625000
-77.444,2013-10-03 14:53:58.750000
-77.804,2013-10-03 14:53:58.875000
-64.654,2013-10-03 14:53:59
-63.009,2013-10-03 14:53:59.140000
-78.894,2013-10-03 14:53:59.265000
-78.641,2013-10-03 14:53:59.390000
-77.823,2013-10-03 14:53:59.515000
-77.185,2013-10-03 14:53:59.640000
-60.275,2013-10-03 14:53:59.781000
-70.373,2013-10-03 14:53:59.921000
-80.013,2013-10-03 14:54:00.062000
-78.53,2013-10-03 14:54:00.203000
-80.77,2013-10-03 14:54:00.328000
-78.51,2013-10-03 14:54:00.453000
-77.311,2013-10-03 14:54:00.578000
-76.978,2013-10-03 14:54:00.687000
-78.798,2013-10-03 14:54:00.812000
-77.654,2013-10-03 14:54:00.937000
-76.564,2013-10-03 14:54:01.062000
-65.433,2013-10-03 14:54:01.203000
-65.433,2013-10-03 14:54:01.328000
-79.042,2013-10-03 14:54:01.453000
-77.345,2013-10-03 14:54:01.578000
-77.262,2013-10-03 14:54:01.703000
-72.183,2013-10-03 14:54:01.828000
-71.415,2013-10-03 14:54:01.953000
-77.779,2013-10-03 14:54:02.078000
-62.628,2013-10-03 14:54:02.218000
-62.628,2013-10-03 14:54:02.359000
-77.09,2013-10-03 14:54:02.484000
-62.985,2013-10-03 14:54:02.609000
-76.817,2013-10-03 14:54:02.750000
-77.479,2013-10-03 14:54:02.875000
-77.913,2013-10-03 14:54:03
-69.513,2013-10-03 14:54:03.125000
-62.827,2013-10-03 14:54:03.265000
-62.797,2013-10-03 14:54:03.406000
-63.358,2013-10-03 14:54:03.531000
-61.925,2013-10-03 14:54:03.656000
-78.13,2013-10-03 14:54:03.796000
-72.395,2013-10-03 14:54:03.921000
-78.754,2013-10-03 14:54:04.046000
-78.105,2013-10-03 14:54:04.187000
-75.73,2013-10-03 14:54:04.328000
-78.737,2013-10-03 14:54:04.453000
-69.364,2013-10-03 14:54:04.578000
-69.279,2013-10-03 14:54:04.703000
-70.039,2013-10-03 14:54:04.843000
-60.829,2013-10-03 14:54:04.968000
-80.618,2013-10-03 14:54:05.093000
-71.308,2013-10-03 14:54:05.218000
-63.822,2013-10-03 14:54:05.359000
-78.614,2013-10-03 14:54:05.484000
-78.084,2013-10-03 14:54:05.625000
-78.231,2013-10-03 14:54:05.750000
-80.627,2013-10-03 14:54:05.875000
-78.877,2013-10-03 14:54:06
-63.324,2013-10-03 14:54:06.125000
-63.985,2013-10-03 14:54:06.250000
-78.503,2013-10-03 14:54:06.390000
-78.421,2013-10-03 14:54:06.531000
-71.564,2013-10-03 14:54:06.656000
-72.255,2013-10-03 14:54:06.796000
-78.07,2013-10-03 14:54:06.921000
-78.261,2013-10-03 14:54:07.062000
-64.147,2013-10-03 14:54:07.187000
-62.82,2013-10-03 14:54:07.312000
-78.283,2013-10-03 14:54:07.453000
-79.441,2013-10-03 14:54:07.578000
-62.494,2013-10-03 14:54:07.718000
-67.061,2013-10-03 14:54:07.843000
-79.647,2013-10-03 14:54:07.968000
-80.332,2013-10-03 14:54:08.109000
-79.162,2013-10-03 14:54:08.234000
-78.851,2013-10-03 14:54:08.343000
-78.718,2013-10-03 14:54:08.484000
-63.123,2013-10-03 14:54:08.609000
-71.287,2013-10-03 14:54:08.734000
-62.348,2013-10-03 14:54:08.875000
-63.028,2013-10-03 14:54:09
-77.967,2013-10-03 14:54:09.140000
-78.271,2013-10-03 14:54:09.250000
-78.197,2013-10-03 14:54:09.375000
-71.404,2013-10-03 14:54:09.500000
-70.304,2013-10-03 14:54:09.625000
-79.776,2013-10-03 14:54:09.750000
-71.806,2013-10-03 14:54:09.875000
-76.718,2013-10-03 14:54:10
-78.249,2013-10-03 14:54:10.140000
-78.397,2013-10-03 14:54:10.250000
-77.141,2013-10-03 14:54:10.375000
-78.156,2013-10-03 14:54:10.515000
-77.805,2013-10-03 14:54:10.718000
-75.928,2013-10-03 14:54:10.828000
-62.353,2013-10-03 14:54:10.953000
-63.132,2013-10-03 14:54:11.078000
-63.109,2013-10-03 14:54:11.203000
-75.733,2013-10-03 14:54:11.328000
-71.533,2013-10-03 14:54:11.437000
-70.724,2013-10-03 14:54:11.562000
-78.59,2013-10-03 14:54:11.687000
-75.311,2013-10-03 14:54:11.812000
-78.237,2013-10-03 14:54:11.937000
-76.712,2013-10-03 14:54:12.062000
-76.615,2013-10-03 14:54:12.203000
-78.996,2013-10-03 14:54:12.328000
-70.143,2013-10-03 14:54:12.453000
-76.908,2013-10-03 14:54:12.593000
-77.219,2013-10-03 14:54:12.734000
-76.785,2013-10-03 14:54:12.859000
-63.421,2013-10-03 14:54:13
-77.007,2013-10-03 14:54:13.109000
-76.479,2013-10-03 14:54:13.250000
-62.659,2013-10-03 14:54:13.375000
-78.158,2013-10-03 14:54:13.500000
-63.431,2013-10-03 14:54:13.640000
-78.789,2013-10-03 14:54:13.781000
-79.424,2013-10-03 14:54:13.906000
-78.385,2013-10-03 14:54:14.031000
-77.402,2013-10-03 14:54:14.156000
-70.157,2013-10-03 14:54:14.265000
-68.993,2013-10-03 14:54:14.390000
-79.877,2013-10-03 14:54:14.515000
-73.131,2013-10-03 14:54:14.656000
-73.131,2013-10-03 14:54:14.796000
-63.219,2013-10-03 14:54:14.937000
-78.645,2013-10-03 14:54:15.078000
-62.331,2013-10-03 14:54:15.203000
-77.741,2013-10-03 14:54:15.343000
-77.415,2013-10-03 14:54:15.468000
-64.392,2013-10-03 14:54:15.609000
-63.775,2013-10-03 14:54:15.734000
-78.789,2013-10-03 14:54:15.875000
-64.632,2013-10-03 14:54:16
-79.721,2013-10-03 14:54:16.140000
-72.032,2013-10-03 14:54:16.265000
-71.311,2013-10-03 14:54:16.390000
-63.85,2013-10-03 14:54:16.515000
-61.696,2013-10-03 14:54:16.656000
-63.21,2013-10-03 14:54:16.796000
-62.924,2013-10-03 14:54:16.921000
-77.635,2013-10-03 14:54:17.046000
-78.1,2013-10-03 14:54:17.171000
-67.493,2013-10-03 14:54:17.296000
-77.025,2013-10-03 14:54:17.421000
-76.196,2013-10-03 14:54:17.546000
-75.299,2013-10-03 14:54:17.671000
-79.439,2013-10-03 14:54:17.796000
-78.005,2013-10-03 14:54:17.937000
-78.792,2013-10-03 14:54:18.062000
-78.281,2013-10-03 14:54:18.203000
-77.045,2013-10-03 14:54:18.328000
-77.34,2013-10-03 14:54:18.437000
-62.42,2013-10-03 14:54:18.562000
-76.762,2013-10-03 14:54:18.687000
-77.228,2013-10-03 14:54:18.812000
-63.199,2013-10-03 14:54:18.953000
-68.952,2013-10-03 14:54:19.093000
-70.111,2013-10-03 14:54:19.218000
-78.076,2013-10-03 14:54:19.343000
-79.001,2013-10-03 14:54:19.484000
-62.818,2013-10-03 14:54:19.609000
-79.626,2013-10-03 14:54:19.750000
-64.143,2013-10-03 14:54:19.890000
-78.774,2013-10-03 14:54:20.015000
-78.257,2013-10-03 14:54:20.156000
-78.191,2013-10-03 14:54:20.265000
-78.693,2013-10-03 14:54:20.390000
-79.579,2013-10-03 14:54:20.515000
-62.79,2013-10-03 14:54:20.640000
-78.641,2013-10-03 14:54:20.781000
-78.9,2013-10-03 14:54:20.906000
-78.421,2013-10-03 14:54:21.046000
-61.45,2013-10-03 14:54:21.171000
-71.811,2013-10-03 14:54:21.296000
-78.161,2013-10-03 14:54:21.421000
-62.973,2013-10-03 14:54:21.546000
-77.276,2013-10-03 14:54:21.671000
-62.934,2013-10-03 14:54:21.812000
-64.404,2013-10-03 14:54:21.953000
-76.613,2013-10-03 14:54:22.078000
-61.558,2013-10-03 14:54:22.218000
-78.651,2013-10-03 14:54:22.328000
-76.728,2013-10-03 14:54:22.453000
-79.89,2013-10-03 14:54:22.578000
-79.146,2013-10-03 14:54:22.703000
-78.113,2013-10-03 14:54:22.843000
-79.011,2013-10-03 14:54:22.984000
-63.49,2013-10-03 14:54:23.093000
-76.966,2013-10-03 14:54:23.218000
-81.273,2013-10-03 14:54:23.343000
-82.755,2013-10-03 14:54:23.468000
-80.939,2013-10-03 14:54:23.593000
-79.273,2013-10-03 14:54:23.718000
-70.719,2013-10-03 14:54:23.859000
-70.719,2013-10-03 14:54:23.984000
-61.27,2013-10-03 14:54:24.125000
-79.746,2013-10-03 14:54:24.250000
-63.615,2013-10-03 14:54:24.375000
-78.303,2013-10-03 14:54:24.515000
-63.355,2013-10-03 14:54:24.640000
-80.246,2013-10-03 14:54:24.765000
-78.911,2013-10-03 14:54:24.906000
-77.148,2013-10-03 14:54:25.046000
-78.752,2013-10-03 14:54:25.171000
-78.435,2013-10-03 14:54:25.312000
-78.72,2013-10-03 14:54:25.437000
-63.352,2013-10-03 14:54:25.578000
-62.952,2013-10-03 14:54:25.703000
-79.66,2013-10-03 14:54:25.843000
-71.906,2013-10-03 14:54:25.984000
-72.479,2013-10-03 14:54:26.109000
-63.068,2013-10-03 14:54:26.234000
-79.13,2013-10-03 14:54:26.359000
-80.063,2013-10-03 14:54:26.468000
-78.493,2013-10-03 14:54:26.593000
-79.707,2013-10-03 14:54:26.718000
-79.815,2013-10-03 14:54:26.843000
-78.814,2013-10-03 14:54:26.984000
-78.417,2013-10-03 14:54:27.109000
-63.688,2013-10-03 14:54:27.234000
-62.636,2013-10-03 14:54:27.359000
-79.691,2013-10-03 14:54:27.484000
-82.631,2013-10-03 14:54:27.609000
-75.887,2013-10-03 14:54:27.718000
-78.029,2013-10-03 14:54:27.843000
-80.449,2013-10-03 14:54:27.984000
-80.449,2013-10-03 14:54:28.125000
-74.643,2013-10-03 14:54:28.250000
-81.256,2013-10-03 14:54:28.375000
-81.184,2013-10-03 14:54:28.500000
-68.283,2013-10-03 14:54:28.640000
-68.64,2013-10-03 14:54:28.765000
-69.251,2013-10-03 14:54:28.906000
-80.162,2013-10-03 14:54:29.031000
-83.201,2013-10-03 14:54:29.156000
-77.793,2013-10-03 14:54:29.265000
-63.46,2013-10-03 14:54:29.390000
-77.491,2013-10-03 14:54:29.531000
-77.842,2013-10-03 14:54:29.656000
-63.882,2013-10-03 14:54:29.781000
-61.013,2013-10-03 14:54:29.906000
-68.192,2013-10-03 14:54:30.046000
-68.192,2013-10-03 14:54:30.187000
-77.792,2013-10-03 14:54:30.328000
-80.442,2013-10-03 14:54:30.453000
-79.133,2013-10-03 14:54:30.578000
-61.215,2013-10-03 14:54:30.703000
-73.104,2013-10-03 14:54:30.843000
-63.552,2013-10-03 14:54:30.968000
-79.016,2013-10-03 14:54:31.109000
-77.012,2013-10-03 14:54:31.250000
-77.929,2013-10-03 14:54:31.375000
-77.335,2013-10-03 14:54:31.500000
-77.75,2013-10-03 14:54:31.625000
-77.489,2013-10-03 14:54:31.734000
-78.003,2013-10-03 14:54:31.859000
-76.49,2013-10-03 14:54:32
-79.289,2013-10-03 14:54:32.140000
-77.502,2013-10-03 14:54:32.250000
-66.13,2013-10-03 14:54:32.375000
-77.879,2013-10-03 14:54:32.500000
-65.846,2013-10-03 14:54:32.625000
-78.802,2013-10-03 14:54:32.765000
-78.622,2013-10-03 14:54:32.890000
-79.985,2013-10-03 14:54:33.015000
-77.062,2013-10-03 14:54:33.140000
-62.359,2013-10-03 14:54:33.359000
-77.668,2013-10-03 14:54:33.484000
-67.289,2013-10-03 14:54:33.609000
-71.041,2013-10-03 14:54:33.750000
-64.222,2013-10-03 14:54:33.890000
-78.881,2013-10-03 14:54:34.015000
-79.332,2013-10-03 14:54:34.156000
-79.332,2013-10-03 14:54:34.281000
-77.867,2013-10-03 14:54:34.406000
-69.663,2013-10-03 14:54:34.531000
-78.152,2013-10-03 14:54:34.671000
-62.317,2013-10-03 14:54:34.796000
-80.261,2013-10-03 14:54:34.937000
-63.761,2013-10-03 14:54:35.062000
-79.234,2013-10-03 14:54:35.203000
-62.135,2013-10-03 14:54:35.328000
-79.307,2013-10-03 14:54:35.453000
-60.103,2013-10-03 14:54:35.562000
-62.772,2013-10-03 14:54:35.687000
-63.85,2013-10-03 14:54:35.812000
-78.401,2013-10-03 14:54:35.937000
-77.842,2013-10-03 14:54:36.062000
-77.583,2013-10-03 14:54:36.203000
-77.583,2013-10-03 14:54:36.328000
-78.014,2013-10-03 14:54:36.453000
-80.289,2013-10-03 14:54:36.562000
-79.793,2013-10-03 14:54:36.687000
-63.078,2013-10-03 14:54:36.812000
-79.017,2013-10-03 14:54:36.937000
-61.151,2013-10-03 14:54:37.062000
-62.905,2013-10-03 14:54:37.187000
-78.867,2013-10-03 14:54:37.343000
-62.78,2013-10-03 14:54:37.468000
-62.721,2013-10-03 14:54:37.593000
-79.516,2013-10-03 14:54:37.718000
-62.178,2013-10-03 14:54:37.843000
-63.396,2013-10-03 14:54:37.984000
-80.678,2013-10-03 14:54:38.109000
-79.589,2013-10-03 14:54:38.250000
-61.922,2013-10-03 14:54:38.375000
-61.823,2013-10-03 14:54:38.500000
-71.208,2013-10-03 14:54:38.625000
-66.42,2013-10-03 14:54:38.750000
-66.023,2013-10-03 14:54:38.890000
-63.014,2013-10-03 14:54:39.015000
-79.974,2013-10-03 14:54:39.125000
-62.414,2013-10-03 14:54:39.250000
-67.956,2013-10-03 14:54:39.390000
-80.13,2013-10-03 14:54:39.515000
-79.873,2013-10-03 14:54:39.640000
-77.673,2013-10-03 14:54:39.765000
-63.272,2013-10-03 14:54:39.890000
-79.858,2013-10-03 14:54:40.031000
-60.672,2013-10-03 14:54:40.156000
-81.268,2013-10-03 14:54:40.281000
-62.248,2013-10-03 14:54:40.406000
-73.736,2013-10-03 14:54:40.531000
-81.658,2013-10-03 14:54:40.656000
-80.514,2013-10-03 14:54:40.781000
-80.764,2013-10-03 14:54:40.906000
-62.499,2013-10-03 14:54:41.031000
-66.43,2013-10-03 14:54:41.171000
-81.249,2013-10-03 14:54:41.296000
-63.144,2013-10-03 14:54:41.421000
-72.189,2013-10-03 14:54:41.546000
-80.237,2013-10-03 14:54:41.671000
-63.567,2013-10-03 14:54:41.796000
-78.503,2013-10-03 14:54:41.921000
-81.084,2013-10-03 14:54:42.046000
-83.362,2013-10-03 14:54:42.171000
-63.008,2013-10-03 14:54:42.312000
-64.575,2013-10-03 14:54:42.437000
-62.179,2013-10-03 14:54:42.562000
-63.58,2013-10-03 14:54:42.687000
-80.632,2013-10-03 14:54:42.828000
-65.173,2013-10-03 14:54:42.953000
-79.785,2013-10-03 14:54:43.078000
-71.095,2013-10-03 14:54:43.203000
-71.132,2013-10-03 14:54:43.328000
-68.153,2013-10-03 14:54:43.453000
-61.48,2013-10-03 14:54:43.578000
-63.032,2013-10-03 14:54:43.703000
-62.782,2013-10-03 14:54:43.828000
-81.606,2013-10-03 14:54:43.953000
-62.578,2013-10-03 14:54:44.093000
-73.965,2013-10-03 14:54:44.218000
-79.269,2013-10-03 14:54:44.359000
-81.22,2013-10-03 14:54:44.484000
-64.844,2013-10-03 14:54:44.593000
-80.625,2013-10-03 14:54:44.718000
-74.83,2013-10-03 14:54:44.843000
-80.237,2013-10-03 14:54:44.968000
-81.046,2013-10-03 14:54:45.093000
-72.003,2013-10-03 14:54:45.203000
-62.53,2013-10-03 14:54:45.328000
-73.023,2013-10-03 14:54:45.484000
-62.827,2013-10-03 14:54:45.609000
-82.223,2013-10-03 14:54:45.734000
-64.604,2013-10-03 14:54:45.859000
-80.749,2013-10-03 14:54:45.984000
-79.276,2013-10-03 14:54:46.125000
-81.094,2013-10-03 14:54:46.250000
-81.355,2013-10-03 14:54:46.375000
-80.369,2013-10-03 14:54:46.578000
-81.653,2013-10-03 14:54:46.703000
-65.581,2013-10-03 14:54:46.828000
-81.555,2013-10-03 14:54:46.953000
-79.662,2013-10-03 14:54:47.093000
-82.689,2013-10-03 14:54:47.218000
-80.94,2013-10-03 14:54:47.343000
-81.103,2013-10-03 14:54:47.484000
-63.062,2013-10-03 14:54:47.609000
-81.411,2013-10-03 14:54:47.734000
-81.2,2013-10-03 14:54:47.875000
-81.668,2013-10-03 14:54:48
-71.437,2013-10-03 14:54:48.109000
-71.315,2013-10-03 14:54:48.234000
-82.481,2013-10-03 14:54:48.359000
-81.457,2013-10-03 14:54:48.484000
-80.087,2013-10-03 14:54:48.609000
-80.921,2013-10-03 14:54:48.734000
-81.742,2013-10-03 14:54:48.859000
-81.836,2013-10-03 14:54:49
-69.031,2013-10-03 14:54:49.125000
-81.209,2013-10-03 14:54:49.234000
-72.108,2013-10-03 14:54:49.359000
-81.786,2013-10-03 14:54:49.500000
-81.646,2013-10-03 14:54:49.625000
-82.443,2013-10-03 14:54:49.750000
-59.255,2013-10-03 14:54:49.875000
-80.572,2013-10-03 14:54:50
-63.781,2013-10-03 14:54:50.125000
-73.444,2013-10-03 14:54:50.250000
-81.881,2013-10-03 14:54:50.375000
-82.698,2013-10-03 14:54:50.515000
-81.323,2013-10-03 14:54:50.640000
-78.236,2013-10-03 14:54:50.765000
-81.422,2013-10-03 14:54:50.890000
-81.614,2013-10-03 14:54:51.031000
-80.266,2013-10-03 14:54:51.156000
-81.643,2013-10-03 14:54:51.265000
-63.854,2013-10-03 14:54:51.375000
-81.029,2013-10-03 14:54:51.500000
-61.761,2013-10-03 14:54:51.625000
-79.142,2013-10-03 14:54:51.750000
-81.772,2013-10-03 14:54:51.875000
-82.585,2013-10-03 14:54:52
-81.818,2013-10-03 14:54:52.140000
-81.712,2013-10-03 14:54:52.250000
-81.376,2013-10-03 14:54:52.375000
-81.132,2013-10-03 14:54:52.500000
-82.061,2013-10-03 14:54:52.625000
-80.207,2013-10-03 14:54:52.750000
-69.965,2013-10-03 14:54:52.875000
-71.095,2013-10-03 14:54:53
-70.963,2013-10-03 14:54:53.140000
-81.489,2013-10-03 14:54:53.250000
-83.36,2013-10-03 14:54:53.390000
-71.075,2013-10-03 14:54:53.531000
-81.985,2013-10-03 14:54:53.656000
-83.202,2013-10-03 14:54:53.781000
-80.582,2013-10-03 14:54:53.906000
-62.586,2013-10-03 14:54:54.031000
-78.386,2013-10-03 14:54:54.171000
-83.083,2013-10-03 14:54:54.281000
-79.765,2013-10-03 14:54:54.390000
-78.661,2013-10-03 14:54:54.531000
-78.661,2013-10-03 14:54:54.656000
-79.25,2013-10-03 14:54:54.781000
-71.735,2013-10-03 14:54:54.906000
-71.936,2013-10-03 14:54:55.046000
-78.026,2013-10-03 14:54:55.187000
-77.603,2013-10-03 14:54:55.296000
-79.356,2013-10-03 14:54:55.421000
-67.395,2013-10-03 14:54:55.562000
-77.178,2013-10-03 14:54:55.687000
-62.398,2013-10-03 14:54:55.812000
-79.843,2013-10-03 14:54:55.937000
-79.579,2013-10-03 14:54:56.062000
-77.562,2013-10-03 14:54:56.187000
-79.037,2013-10-03 14:54:56.312000
-79.138,2013-10-03 14:54:56.437000
-78.908,2013-10-03 14:54:56.578000
-80.195,2013-10-03 14:54:56.703000
-78.568,2013-10-03 14:54:56.828000
-78.465,2013-10-03 14:54:56.968000
-79.959,2013-10-03 14:54:57.093000
-78.243,2013-10-03 14:54:57.218000
-62.677,2013-10-03 14:54:57.328000
-77.749,2013-10-03 14:54:57.453000
-62.714,2013-10-03 14:54:57.578000
-71.339,2013-10-03 14:54:57.781000
-60.894,2013-10-03 14:54:57.906000
-73.211,2013-10-03 14:54:58.031000
-78.621,2013-10-03 14:54:58.171000
-78.739,2013-10-03 14:54:58.281000
-79.004,2013-10-03 14:54:58.406000
-72.145,2013-10-03 14:54:58.546000
-77.809,2013-10-03 14:54:58.687000
-80.576,2013-10-03 14:54:58.828000
-69.809,2013-10-03 14:54:58.953000
-64.533,2013-10-03 14:54:59.093000
-63.395,2013-10-03 14:54:59.218000
-77.857,2013-10-03 14:54:59.343000
-77.894,2013-10-03 14:54:59.453000
-71.704,2013-10-03 14:54:59.578000
-71.704,2013-10-03 14:54:59.718000
-71.546,2013-10-03 14:54:59.828000
-71.549,2013-10-03 14:54:59.953000
-78.087,2013-10-03 14:55:00.093000
-76.758,2013-10-03 14:55:00.218000
-77.034,2013-10-03 14:55:00.343000
-61.853,2013-10-03 14:55:00.468000
-76.539,2013-10-03 14:55:00.593000
-76.539,2013-10-03 14:55:00.734000
-76.66,2013-10-03 14:55:00.859000
-78.203,2013-10-03 14:55:01
-69.745,2013-10-03 14:55:01.125000
-75.449,2013-10-03 14:55:01.250000
-63.599,2013-10-03 14:55:01.390000
-75.975,2013-10-03 14:55:01.515000
-77.824,2013-10-03 14:55:01.656000
-64.663,2013-10-03 14:55:01.781000
-62.423,2013-10-03 14:55:01.921000
-77.33,2013-10-03 14:55:02.062000
-76.478,2013-10-03 14:55:02.187000
-64.698,2013-10-03 14:55:02.328000
-62.556,2013-10-03 14:55:02.453000
-62.825,2013-10-03 14:55:02.593000
-69.071,2013-10-03 14:55:02.734000
-63.097,2013-10-03 14:55:02.859000
-65.453,2013-10-03 14:55:02.984000
-63.687,2013-10-03 14:55:03.109000
-77.367,2013-10-03 14:55:03.234000
-78.048,2013-10-03 14:55:03.359000
-61.271,2013-10-03 14:55:03.500000
-67.504,2013-10-03 14:55:03.625000
-78.06,2013-10-03 14:55:03.765000
-76.426,2013-10-03 14:55:03.890000
-68.605,2013-10-03 14:55:04.031000
-80.562,2013-10-03 14:55:04.140000
-79.37,2013-10-03 14:55:04.265000
-80.608,2013-10-03 14:55:04.390000
-63.447,2013-10-03 14:55:04.531000
-72.023,2013-10-03 14:55:04.656000
-65.828,2013-10-03 14:55:04.796000
-80.212,2013-10-03 14:55:04.937000
-80.171,2013-10-03 14:55:05.062000
-62.184,2013-10-03 14:55:05.203000
-64.67,2013-10-03 14:55:05.328000
-82.749,2013-10-03 14:55:05.453000
-81.417,2013-10-03 14:55:05.578000
-79.149,2013-10-03 14:55:05.718000
-79.149,2013-10-03 14:55:05.843000
-62.451,2013-10-03 14:55:05.968000
-80.498,2013-10-03 14:55:06.093000
-66.332,2013-10-03 14:55:06.203000
-78.558,2013-10-03 14:55:06.328000
-78.553,2013-10-03 14:55:06.437000
-78.222,2013-10-03 14:55:06.546000
-78.839,2013-10-03 14:55:06.671000
-79.173,2013-10-03 14:55:06.796000
-77.068,2013-10-03 14:55:06.921000
-78.681,2013-10-03 14:55:07.062000
-62.977,2013-10-03 14:55:07.203000
-77.547,2013-10-03 14:55:07.328000
-66.334,2013-10-03 14:55:07.468000
-71.455,2013-10-03 14:55:07.593000
-62.828,2013-10-03 14:55:07.734000
-79.09,2013-10-03 14:55:07.812000
-77.996,2013-10-03 14:55:08
-80.605,2013-10-03 14:55:08.140000
-78.084,2013-10-03 14:55:08.265000
-77.747,2013-10-03 14:55:08.390000
-79.204,2013-10-03 14:55:08.500000
-77.19,2013-10-03 14:55:08.625000
-77.941,2013-10-03 14:55:08.750000
-76.578,2013-10-03 14:55:08.875000
-77.784,2013-10-03 14:55:09.015000
-60.437,2013-10-03 14:55:09.140000
-76.606,2013-10-03 14:55:09.250000
-71.793,2013-10-03 14:55:09.359000
-71.705,2013-10-03 14:55:09.484000
-61.626,2013-10-03 14:55:09.593000
-71.387,2013-10-03 14:55:09.718000
-77.803,2013-10-03 14:55:09.843000
-78.853,2013-10-03 14:55:09.984000
-64.432,2013-10-03 14:55:10.109000
-62.829,2013-10-03 14:55:10.234000
-63.581,2013-10-03 14:55:10.359000
-77.503,2013-10-03 14:55:10.484000
-63.476,2013-10-03 14:55:10.609000
-62.838,2013-10-03 14:55:10.734000
-63.223,2013-10-03 14:55:10.875000
-62.807,2013-10-03 14:55:11.015000
-81.211,2013-10-03 14:55:11.156000
-79.205,2013-10-03 14:55:11.265000
-79.593,2013-10-03 14:55:11.390000
-82.403,2013-10-03 14:55:11.531000
-81.654,2013-10-03 14:55:11.656000
-78.692,2013-10-03 14:55:11.796000
-81.302,2013-10-03 14:55:11.937000
-78.945,2013-10-03 14:55:12.062000
-69.636,2013-10-03 14:55:12.187000
-70.514,2013-10-03 14:55:12.312000
-70.56,2013-10-03 14:55:12.437000
-81.593,2013-10-03 14:55:12.562000
-78.534,2013-10-03 14:55:12.703000
-67.544,2013-10-03 14:55:12.828000
-76.783,2013-10-03 14:55:12.953000
-68.579,2013-10-03 14:55:13.093000
-61.904,2013-10-03 14:55:13.218000
-62.113,2013-10-03 14:55:13.359000
-79.674,2013-10-03 14:55:13.484000
-64.013,2013-10-03 14:55:13.609000
-62.444,2013-10-03 14:55:13.750000
-82.232,2013-10-03 14:55:13.859000
-79.24,2013-10-03 14:55:14
-78.759,2013-10-03 14:55:14.125000
-61.311,2013-10-03 14:55:14.250000
-72.439,2013-10-03 14:55:14.375000
-80.6,2013-10-03 14:55:14.500000
-79.21,2013-10-03 14:55:14.609000
-78.563,2013-10-03 14:55:14.734000
-80.465,2013-10-03 14:55:14.859000
-79.412,2013-10-03 14:55:15
-79.412,2013-10-03 14:55:15.140000
-77.252,2013-10-03 14:55:15.250000
-81.158,2013-10-03 14:55:15.359000
-81.217,2013-10-03 14:55:15.484000
-79.852,2013-10-03 14:55:15.609000
-80.163,2013-10-03 14:55:15.718000
-78.792,2013-10-03 14:55:15.859000
-79.002,2013-10-03 14:55:16
-80.439,2013-10-03 14:55:16.140000
-82.129,2013-10-03 14:55:16.265000
-63.187,2013-10-03 14:55:16.390000
-81.552,2013-10-03 14:55:16.515000
-62.323,2013-10-03 14:55:16.640000
-62.273,2013-10-03 14:55:16.765000
-62.671,2013-10-03 14:55:16.890000
-70.35,2013-10-03 14:55:17.031000
-70.587,2013-10-03 14:55:17.171000
-63.388,2013-10-03 14:55:17.296000
-62.795,2013-10-03 14:55:17.421000
-80.043,2013-10-03 14:55:17.546000
-79.758,2013-10-03 14:55:17.656000
-81.021,2013-10-03 14:55:17.781000
-79.055,2013-10-03 14:55:17.906000
-77.753,2013-10-03 14:55:18.046000
-63.777,2013-10-03 14:55:18.187000
-80.026,2013-10-03 14:55:18.296000
-82.34,2013-10-03 14:55:18.421000
-63.397,2013-10-03 14:55:18.531000
-77.979,2013-10-03 14:55:18.656000
-80.14,2013-10-03 14:55:18.765000
-78.833,2013-10-03 14:55:18.890000
-79.761,2013-10-03 14:55:19.015000
-71.973,2013-10-03 14:55:19.187000
-80.842,2013-10-03 14:55:19.343000
-77.185,2013-10-03 14:55:19.500000
-79.04,2013-10-03 14:55:19.640000
-80.189,2013-10-03 14:55:19.765000
-79.071,2013-10-03 14:55:19.890000
-70.492,2013-10-03 14:55:20.031000
-78.414,2013-10-03 14:55:20.171000
-79.524,2013-10-03 14:55:20.296000
-66.61,2013-10-03 14:55:20.406000
-79.964,2013-10-03 14:55:20.531000
-77.96,2013-10-03 14:55:20.656000
-78.897,2013-10-03 14:55:20.781000
-78.249,2013-10-03 14:55:20.906000
-79.355,2013-10-03 14:55:21.031000
-80.305,2013-10-03 14:55:21.171000
-62.761,2013-10-03 14:55:21.296000
-80.282,2013-10-03 14:55:21.421000
-79.167,2013-10-03 14:55:21.546000
-79.506,2013-10-03 14:55:21.671000
-81.654,2013-10-03 14:55:21.796000
-64.641,2013-10-03 14:55:21.921000
-62.926,2013-10-03 14:55:22.046000
-80.934,2013-10-03 14:55:22.187000
-80.934,2013-10-03 14:55:22.312000
-71.542,2013-10-03 14:55:22.437000
-80.372,2013-10-03 14:55:22.562000
-79.24,2013-10-03 14:55:22.703000
-80.643,2013-10-03 14:55:22.828000
-61.653,2013-10-03 14:55:22.953000
-70.94,2013-10-03 14:55:23.093000
-62.566,2013-10-03 14:55:23.234000
-63.016,2013-10-03 14:55:23.359000
-80.643,2013-10-03 14:55:23.500000
-79.82,2013-10-03 14:55:23.625000
-74.954,2013-10-03 14:55:23.765000
-71.963,2013-10-03 14:55:23.890000
-72.769,2013-10-03 14:55:24
-78.56,2013-10-03 14:55:24.125000
-77.363,2013-10-03 14:55:24.265000
-80.56,2013-10-03 14:55:24.390000
-78.631,2013-10-03 14:55:24.500000
-78.27,2013-10-03 14:55:24.609000
-63.22,2013-10-03 14:55:24.734000
-79.156,2013-10-03 14:55:24.859000
-80.408,2013-10-03 14:55:24.984000
-79.353,2013-10-03 14:55:25.109000
-78.532,2013-10-03 14:55:25.234000
-78.432,2013-10-03 14:55:25.375000
-61.403,2013-10-03 14:55:25.515000
-62.578,2013-10-03 14:55:25.640000
-79.636,2013-10-03 14:55:25.765000
-79.738,2013-10-03 14:55:25.906000
-79.906,2013-10-03 14:55:26.015000
-75.159,2013-10-03 14:55:26.140000
-80.272,2013-10-03 14:55:26.265000
-80.789,2013-10-03 14:55:26.390000
-80.024,2013-10-03 14:55:26.515000
-63.248,2013-10-03 14:55:26.640000
-71.366,2013-10-03 14:55:26.765000
-70.715,2013-10-03 14:55:26.890000
-78.911,2013-10-03 14:55:27.015000
-68.782,2013-10-03 14:55:27.140000
-79.789,2013-10-03 14:55:27.265000
-80.411,2013-10-03 14:55:27.406000
-79.653,2013-10-03 14:55:27.531000
-78.652,2013-10-03 14:55:27.656000
-61.112,2013-10-03 14:55:27.781000
-80.62,2013-10-03 14:55:27.921000
-78.739,2013-10-03 14:55:28.046000
-82.391,2013-10-03 14:55:28.171000
-81.509,2013-10-03 14:55:28.281000
-62.225,2013-10-03 14:55:28.421000
-81.738,2013-10-03 14:55:28.546000
-80.145,2013-10-03 14:55:28.687000
-61.864,2013-10-03 14:55:28.812000
-71.859,2013-10-03 14:55:28.937000
-81.087,2013-10-03 14:55:29.078000
-80.227,2013-10-03 14:55:29.203000
-62.979,2013-10-03 14:55:29.328000
-80.089,2013-10-03 14:55:29.468000
-80.359,2013-10-03 14:55:29.609000
-62.657,2013-10-03 14:55:29.734000
-78.846,2013-10-03 14:55:29.859000
-79.947,2013-10-03 14:55:29.984000
-81.347,2013-10-03 14:55:30.109000
-81.594,2013-10-03 14:55:30.250000
-79.705,2013-10-03 14:55:30.359000
-83.049,2013-10-03 14:55:30.500000
-61.751,2013-10-03 14:55:30.625000
-81.172,2013-10-03 14:55:30.734000
-80.634,2013-10-03 14:55:30.859000
-64.175,2013-10-03 14:55:31
-79.959,2013-10-03 14:55:31.140000
-79.906,2013-10-03 14:55:31.250000
-78.884,2013-10-03 14:55:31.375000
-70.923,2013-10-03 14:55:31.515000
-69.556,2013-10-03 14:55:31.656000
-72.842,2013-10-03 14:55:31.781000
-62.772,2013-10-03 14:55:31.921000
-81.294,2013-10-03 14:55:32.046000
-80.886,2013-10-03 14:55:32.171000
-80.87,2013-10-03 14:55:32.281000
-63.206,2013-10-03 14:55:32.421000
-80.997,2013-10-03 14:55:32.625000
-60.54,2013-10-03 14:55:32.750000
-62.106,2013-10-03 14:55:32.875000
-62.276,2013-10-03 14:55:33
-63.379,2013-10-03 14:55:33.140000
-79.828,2013-10-03 14:55:33.250000
-81.123,2013-10-03 14:55:33.375000
-80.52,2013-10-03 14:55:33.500000
-71.652,2013-10-03 14:55:33.625000
-71.935,2013-10-03 14:55:33.750000
-80.038,2013-10-03 14:55:33.859000
-64.417,2013-10-03 14:55:34
-61.915,2013-10-03 14:55:34.125000
-79.257,2013-10-03 14:55:34.250000
-69.883,2013-10-03 14:55:34.375000
-77.046,2013-10-03 14:55:34.500000
-78.517,2013-10-03 14:55:34.625000
-77.228,2013-10-03 14:55:34.765000
-61.811,2013-10-03 14:55:34.890000
-67.245,2013-10-03 14:55:35.015000
-77.277,2013-10-03 14:55:35.156000
-78.004,2013-10-03 14:55:35.265000
-77.56,2013-10-03 14:55:35.390000
-79.02,2013-10-03 14:55:35.515000
-80.749,2013-10-03 14:55:35.640000
-78.068,2013-10-03 14:55:35.765000
-79.834,2013-10-03 14:55:35.890000
-62.223,2013-10-03 14:55:36.015000
-63.918,2013-10-03 14:55:36.156000
-76.998,2013-10-03 14:55:36.265000
-70.021,2013-10-03 14:55:36.390000
-63.479,2013-10-03 14:55:36.515000
-79.727,2013-10-03 14:55:36.718000
-78.884,2013-10-03 14:55:36.843000
-78.808,2013-10-03 14:55:36.968000
-77.659,2013-10-03 14:55:37.093000
-78.108,2013-10-03 14:55:37.218000
-76.808,2013-10-03 14:55:37.343000
-78.889,2013-10-03 14:55:37.468000
-66.421,2013-10-03 14:55:37.609000
-64.996,2013-10-03 14:55:37.750000
-78.359,2013-10-03 14:55:37.875000
-65.654,2013-10-03 14:55:38
-76.509,2013-10-03 14:55:38.140000
-62.949,2013-10-03 14:55:38.265000
-71.242,2013-10-03 14:55:38.375000
-71.294,2013-10-03 14:55:38.500000
-77.501,2013-10-03 14:55:38.640000
-78.318,2013-10-03 14:55:38.765000
-78.044,2013-10-03 14:55:38.890000
-78.148,2013-10-03 14:55:39.015000
-76.497,2013-10-03 14:55:39.140000
-76.893,2013-10-03 14:55:39.265000
-76.509,2013-10-03 14:55:39.390000
-64.361,2013-10-03 14:55:39.515000
-77.185,2013-10-03 14:55:39.640000
-79.45,2013-10-03 14:55:39.765000
-79.666,2013-10-03 14:55:39.890000
-78.727,2013-10-03 14:55:40
-63.972,2013-10-03 14:55:40.125000
-77.657,2013-10-03 14:55:40.250000
-75.352,2013-10-03 14:55:40.359000
-77.803,2013-10-03 14:55:40.484000
-64.223,2013-10-03 14:55:40.609000
-79.947,2013-10-03 14:55:40.750000
-76.374,2013-10-03 14:55:40.875000
-77.769,2013-10-03 14:55:41.015000
-62.844,2013-10-03 14:55:41.140000
-69.969,2013-10-03 14:55:41.250000
-69.104,2013-10-03 14:55:41.375000
-78.235,2013-10-03 14:55:41.484000
-76.738,2013-10-03 14:55:41.609000
-77.195,2013-10-03 14:55:41.734000
-77.382,2013-10-03 14:55:41.875000
-64.218,2013-10-03 14:55:42
-63.89,2013-10-03 14:55:42.140000
-77.216,2013-10-03 14:55:42.250000
-77.586,2013-10-03 14:55:42.375000
-78.736,2013-10-03 14:55:42.500000
-78.394,2013-10-03 14:55:42.625000
-77.952,2013-10-03 14:55:42.750000
-76.512,2013-10-03 14:55:42.875000
-77.772,2013-10-03 14:55:43
-81.746,2013-10-03 14:55:43.125000
-72.313,2013-10-03 14:55:43.234000
-72.276,2013-10-03 14:55:43.359000
-78.864,2013-10-03 14:55:43.484000
-77.275,2013-10-03 14:55:43.609000
-77.198,2013-10-03 14:55:43.750000
-77.198,2013-10-03 14:55:43.875000
-79.237,2013-10-03 14:55:43.984000
-70.954,2013-10-03 14:55:44.109000
-69.192,2013-10-03 14:55:44.234000
-76.907,2013-10-03 14:55:44.359000
-78.091,2013-10-03 14:55:44.484000
-78.863,2013-10-03 14:55:44.609000
-77.313,2013-10-03 14:55:44.718000
-79.277,2013-10-03 14:55:44.859000
-76.635,2013-10-03 14:55:45
-76.475,2013-10-03 14:55:45.125000
-76.735,2013-10-03 14:55:45.250000
-79.801,2013-10-03 14:55:45.375000
-78.074,2013-10-03 14:55:45.484000
-76.808,2013-10-03 14:55:45.609000
-62.683,2013-10-03 14:55:45.734000
-77.539,2013-10-03 14:55:45.859000
-74.402,2013-10-03 14:55:46
-61.971,2013-10-03 14:55:46.125000
-71.989,2013-10-03 14:55:46.250000
-66.198,2013-10-03 14:55:46.390000
-76.499,2013-10-03 14:55:46.515000
-78.014,2013-10-03 14:55:46.640000
-63.609,2013-10-03 14:55:46.765000
-63.675,2013-10-03 14:55:46.890000
-64.425,2013-10-03 14:55:47.031000
-77.597,2013-10-03 14:55:47.156000
-77.365,2013-10-03 14:55:47.281000
-78.978,2013-10-03 14:55:47.390000
-77.691,2013-10-03 14:55:47.515000
-62.619,2013-10-03 14:55:47.640000
-74.578,2013-10-03 14:55:47.765000
-77.578,2013-10-03 14:55:47.890000
-71.646,2013-10-03 14:55:48.031000
-71.163,2013-10-03 14:55:48.156000
-77.335,2013-10-03 14:55:48.265000
-75.829,2013-10-03 14:55:48.390000
-78.238,2013-10-03 14:55:48.515000
-79.65,2013-10-03 14:55:48.640000
-80.223,2013-10-03 14:55:48.750000
-65.16,2013-10-03 14:55:48.890000
-77.869,2013-10-03 14:55:49.109000
-79.668,2013-10-03 14:55:49.234000
-78.545,2013-10-03 14:55:49.343000
-78.587,2013-10-03 14:55:49.468000
-78.848,2013-10-03 14:55:49.578000
-76.582,2013-10-03 14:55:49.703000
-78.22,2013-10-03 14:55:49.812000
-77.416,2013-10-03 14:55:49.937000
-79.419,2013-10-03 14:55:50.078000
-77.932,2013-10-03 14:55:50.218000
-80.819,2013-10-03 14:55:50.343000
-80.345,2013-10-03 14:55:50.453000
-78.893,2013-10-03 14:55:50.578000
-78.728,2013-10-03 14:55:50.703000
-70.55,2013-10-03 14:55:50.828000
-71.573,2013-10-03 14:55:50.953000
-70.974,2013-10-03 14:55:51.093000
-62.76,2013-10-03 14:55:51.234000
-77.547,2013-10-03 14:55:51.359000
-78.737,2013-10-03 14:55:51.484000
-76.44,2013-10-03 14:55:51.609000
-78.671,2013-10-03 14:55:51.734000
-63.212,2013-10-03 14:55:51.859000
-77.409,2013-10-03 14:55:52
-64.41,2013-10-03 14:55:52.140000
-78.251,2013-10-03 14:55:52.250000
-78.636,2013-10-03 14:55:52.375000
-66.315,2013-10-03 14:55:52.500000
-78.673,2013-10-03 14:55:52.625000
-77.849,2013-10-03 14:55:52.750000
-72.737,2013-10-03 14:55:52.875000
-72.105,2013-10-03 14:55:53.015000
-77.456,2013-10-03 14:55:53.156000
-77.022,2013-10-03 14:55:53.265000
-78.403,2013-10-03 14:55:53.390000
-79.249,2013-10-03 14:55:53.531000
-78.929,2013-10-03 14:55:53.656000
-80.977,2013-10-03 14:55:53.781000
-62.838,2013-10-03 14:55:53.906000
-64.502,2013-10-03 14:55:54.046000
-69.807,2013-10-03 14:55:54.171000
-77.591,2013-10-03 14:55:54.296000
-76.342,2013-10-03 14:55:54.421000
-80.024,2013-10-03 14:55:54.546000
-79.962,2013-10-03 14:55:54.656000
-80.036,2013-10-03 14:55:54.781000
-77.31,2013-10-03 14:55:54.906000
-64.821,2013-10-03 14:55:55.046000
-64.821,2013-10-03 14:55:55.171000
-81.449,2013-10-03 14:55:55.296000
-80.226,2013-10-03 14:55:55.421000
-80.183,2013-10-03 14:55:55.546000
-69.135,2013-10-03 14:55:55.671000
-64.069,2013-10-03 14:55:55.781000
-65.976,2013-10-03 14:55:55.921000
-80.067,2013-10-03 14:55:56.031000
-80.067,2013-10-03 14:55:56.171000
-80.059,2013-10-03 14:55:56.296000
-66.735,2013-10-03 14:55:56.406000
-68.256,2013-10-03 14:55:56.531000
-79.92,2013-10-03 14:55:56.656000
-81.797,2013-10-03 14:55:56.781000
-80.116,2013-10-03 14:55:56.890000
-77.971,2013-10-03 14:55:57.031000
-71.935,2013-10-03 14:55:57.156000
-79.979,2013-10-03 14:55:57.281000
-79.257,2013-10-03 14:55:57.406000
-65.258,2013-10-03 14:55:57.531000
-82.512,2013-10-03 14:55:57.656000
-72.818,2013-10-03 14:55:57.765000
-71.895,2013-10-03 14:55:57.890000
-64.585,2013-10-03 14:55:58.031000
-80.466,2013-10-03 14:55:58.171000
-62.66,2013-10-03 14:55:58.296000
-62.958,2013-10-03 14:55:58.421000
-80.642,2013-10-03 14:55:58.546000
-70.813,2013-10-03 14:55:58.671000
-80.15,2013-10-03 14:55:58.796000
-79.981,2013-10-03 14:55:58.921000
-82.929,2013-10-03 14:55:59.046000
-79.038,2013-10-03 14:55:59.187000
-62.411,2013-10-03 14:55:59.328000
-58.643,2013-10-03 14:55:59.468000
-79.693,2013-10-03 14:55:59.593000
-80.092,2013-10-03 14:55:59.734000
-80.985,2013-10-03 14:55:59.859000
-78.872,2013-10-03 14:55:59.984000
-58.929,2013-10-03 14:56:00.109000
-78.942,2013-10-03 14:56:00.250000
-80.143,2013-10-03 14:56:00.375000
-71.478,2013-10-03 14:56:00.500000
-62.592,2013-10-03 14:56:00.625000
-73.118,2013-10-03 14:56:00.750000
-63.2,2013-10-03 14:56:00.859000
-64.402,2013-10-03 14:56:01
-81.873,2013-10-03 14:56:01.125000
-81.873,2013-10-03 14:56:01.250000
-65.94,2013-10-03 14:56:01.390000
-64.683,2013-10-03 14:56:01.546000
