-76.644,2013-10-03 17:41:33.812000
-76.644,2013-10-03 17:41:33.968000
-73.633,2013-10-03 17:41:34.093000
-74.213,2013-10-03 17:41:34.234000
-73.799,2013-10-03 17:41:34.359000
-72.659,2013-10-03 17:41:34.500000
-74.201,2013-10-03 17:41:34.656000
-73.515,2013-10-03 17:41:34.796000
-81.612,2013-10-03 17:41:34.937000
-77.443,2013-10-03 17:41:35.078000
-80.407,2013-10-03 17:41:35.203000
-77.184,2013-10-03 17:41:35.343000
-75.608,2013-10-03 17:41:35.468000
-77.149,2013-10-03 17:41:35.609000
-81.06,2013-10-03 17:41:35.765000
-75.717,2013-10-03 17:41:35.906000
-74.824,2013-10-03 17:41:36
-75.988,2013-10-03 17:41:36.171000
-80.405,2013-10-03 17:41:36.312000
-76.981,2013-10-03 17:41:36.437000
-80.282,2013-10-03 17:41:36.578000
-76.526,2013-10-03 17:41:36.750000
-76.26,2013-10-03 17:41:36.875000
-79.927,2013-10-03 17:41:37.015000
-77.914,2013-10-03 17:41:37.140000
-79.329,2013-10-03 17:41:37.281000
-80.048,2013-10-03 17:41:37.406000
-75.703,2013-10-03 17:41:37.546000
-81.76,2013-10-03 17:41:37.671000
-75.311,2013-10-03 17:41:37.843000
-74.025,2013-10-03 17:41:37.984000
-76.279,2013-10-03 17:41:38.109000
-76.075,2013-10-03 17:41:38.250000
-79.671,2013-10-03 17:41:38.390000
-79.957,2013-10-03 17:41:38.515000
-74.61,2013-10-03 17:41:38.640000
-74.046,2013-10-03 17:41:38.781000
-79.326,2013-10-03 17:41:38.953000
-78.027,2013-10-03 17:41:39.078000
-74.92,2013-10-03 17:41:39.218000
-81.23,2013-10-03 17:41:39.359000
-74.505,2013-10-03 17:41:39.515000
-75.961,2013-10-03 17:41:39.640000
-78.247,2013-10-03 17:41:39.781000
-78.331,2013-10-03 17:41:39.906000
-80.357,2013-10-03 17:41:40.078000
-79.042,2013-10-03 17:41:40.218000
-80.893,2013-10-03 17:41:40.343000
-79.857,2013-10-03 17:41:40.484000
-78.443,2013-10-03 17:41:40.609000
-80.186,2013-10-03 17:41:40.750000
-78.697,2013-10-03 17:41:40.875000
-77.62,2013-10-03 17:41:41.046000
-76.16,2013-10-03 17:41:41.187000
-79.971,2013-10-03 17:41:41.312000
-76.244,2013-10-03 17:41:41.453000
-76.746,2013-10-03 17:41:41.578000
-80.721,2013-10-03 17:41:41.718000
-80.477,2013-10-03 17:41:41.843000
-79.859,2013-10-03 17:41:41.984000
-76.955,2013-10-03 17:41:42.140000
-77.241,2013-10-03 17:41:42.281000
-80.154,2013-10-03 17:41:42.421000
-76.641,2013-10-03 17:41:42.546000
-75.886,2013-10-03 17:41:42.687000
-76.171,2013-10-03 17:41:42.812000
-81.123,2013-10-03 17:41:42.953000
-73.402,2013-10-03 17:41:43.078000
-79.273,2013-10-03 17:41:43.250000
-79.799,2013-10-03 17:41:43.390000
-74.79,2013-10-03 17:41:43.515000
-80.137,2013-10-03 17:41:43.656000
-79.304,2013-10-03 17:41:43.781000
-72.667,2013-10-03 17:41:43.921000
-72.898,2013-10-03 17:41:44.046000
-73.062,2013-10-03 17:41:44.171000
-73.169,2013-10-03 17:41:44.343000
-80.149,2013-10-03 17:41:44.484000
-80.446,2013-10-03 17:41:44.609000
-72.025,2013-10-03 17:41:44.750000
-79.082,2013-10-03 17:41:44.875000
-80.734,2013-10-03 17:41:45.015000
-73.278,2013-10-03 17:41:45.140000
-74.681,2013-10-03 17:41:45.281000
-80.243,2013-10-03 17:41:45.437000
-74.417,2013-10-03 17:41:45.593000
-79.758,2013-10-03 17:41:45.671000
-73.317,2013-10-03 17:41:45.859000
-80.933,2013-10-03 17:41:45.984000
-74.205,2013-10-03 17:41:46.125000
-74.974,2013-10-03 17:41:46.250000
-80.728,2013-10-03 17:41:46.375000
-72.859,2013-10-03 17:41:46.546000
-76.341,2013-10-03 17:41:46.687000
-70.36,2013-10-03 17:41:46.812000
-66.269,2013-10-03 17:41:46.953000
-80.937,2013-10-03 17:41:47.078000
-74.747,2013-10-03 17:41:47.218000
-74.655,2013-10-03 17:41:47.343000
-74.772,2013-10-03 17:41:47.515000
-79.729,2013-10-03 17:41:47.656000
-74.545,2013-10-03 17:41:47.781000
-73.82,2013-10-03 17:41:47.921000
-80.306,2013-10-03 17:41:48.046000
-76.592,2013-10-03 17:41:48.171000
-79.404,2013-10-03 17:41:48.312000
-78.878,2013-10-03 17:41:48.437000
-74.63,2013-10-03 17:41:48.609000
-74.609,2013-10-03 17:41:48.750000
-78.082,2013-10-03 17:41:48.890000
-77.797,2013-10-03 17:41:49.015000
-74.911,2013-10-03 17:41:49.156000
-77.745,2013-10-03 17:41:49.281000
-80.563,2013-10-03 17:41:49.406000
-78.373,2013-10-03 17:41:49.546000
-74.419,2013-10-03 17:41:49.718000
-76.323,2013-10-03 17:41:49.859000
-72.137,2013-10-03 17:41:49.984000
-73.006,2013-10-03 17:41:50.125000
-76.596,2013-10-03 17:41:50.250000
-80.643,2013-10-03 17:41:50.390000
-74.916,2013-10-03 17:41:50.515000
-74.803,2013-10-03 17:41:50.656000
-73.77,2013-10-03 17:41:50.812000
-73.448,2013-10-03 17:41:50.953000
-75.006,2013-10-03 17:41:51.093000
-72.862,2013-10-03 17:41:51.218000
-72.796,2013-10-03 17:41:51.359000
-79.927,2013-10-03 17:41:51.484000
-78.431,2013-10-03 17:41:51.625000
-78.335,2013-10-03 17:41:51.781000
-80.492,2013-10-03 17:41:51.921000
-76.804,2013-10-03 17:41:52.062000
-74.273,2013-10-03 17:41:52.187000
-75.666,2013-10-03 17:41:52.328000
-80.274,2013-10-03 17:41:52.453000
-72.19,2013-10-03 17:41:52.578000
-74.881,2013-10-03 17:41:52.718000
-73.131,2013-10-03 17:41:52.875000
-74.577,2013-10-03 17:41:53.015000
-76.521,2013-10-03 17:41:53.156000
-75.251,2013-10-03 17:41:53.296000
-78.244,2013-10-03 17:41:53.421000
-79.78,2013-10-03 17:41:53.562000
-76.066,2013-10-03 17:41:53.687000
-76.017,2013-10-03 17:41:53.812000
-79.84,2013-10-03 17:41:54.078000
-79.541,2013-10-03 17:41:54.203000
-74.753,2013-10-03 17:41:54.343000
-73.187,2013-10-03 17:41:54.468000
-78.559,2013-10-03 17:41:54.625000
-73.909,2013-10-03 17:41:54.781000
-78.798,2013-10-03 17:41:54.937000
-73.489,2013-10-03 17:41:55.078000
-79.274,2013-10-03 17:41:55.218000
-74.526,2013-10-03 17:41:55.343000
-80.005,2013-10-03 17:41:55.484000
-73.731,2013-10-03 17:41:55.609000
-73.257,2013-10-03 17:41:55.750000
-72.124,2013-10-03 17:41:55.875000
-73.375,2013-10-03 17:41:56.046000
-73.728,2013-10-03 17:41:56.187000
-80.337,2013-10-03 17:41:56.312000
-73.964,2013-10-03 17:41:56.437000
-74.222,2013-10-03 17:41:56.578000
-73.135,2013-10-03 17:41:56.703000
-77.26,2013-10-03 17:41:56.843000
-72.891,2013-10-03 17:41:56.968000
-73.462,2013-10-03 17:41:57.140000
-79.137,2013-10-03 17:41:57.281000
-80.941,2013-10-03 17:41:57.406000
-79.674,2013-10-03 17:41:57.546000
-77.255,2013-10-03 17:41:57.671000
-79.255,2013-10-03 17:41:57.812000
-72.356,2013-10-03 17:41:57.937000
-78.262,2013-10-03 17:41:58.062000
-73.663,2013-10-03 17:41:58.234000
-79.061,2013-10-03 17:41:58.375000
-74.185,2013-10-03 17:41:58.500000
-80.535,2013-10-03 17:41:58.640000
-79.195,2013-10-03 17:41:58.765000
-74.56,2013-10-03 17:41:58.906000
-76.173,2013-10-03 17:41:59.031000
-76.203,2013-10-03 17:41:59.171000
-73.325,2013-10-03 17:41:59.328000
-78.756,2013-10-03 17:41:59.468000
-79.749,2013-10-03 17:41:59.609000
-79.734,2013-10-03 17:41:59.734000
-73.396,2013-10-03 17:41:59.859000
-78.631,2013-10-03 17:42:00
-73.472,2013-10-03 17:42:00.125000
-68.526,2013-10-03 17:42:00.265000
-80.379,2013-10-03 17:42:00.421000
-77.501,2013-10-03 17:42:00.562000
-75.009,2013-10-03 17:42:00.703000
-76.745,2013-10-03 17:42:00.828000
-74.111,2013-10-03 17:42:00.968000
-73.821,2013-10-03 17:42:01.093000
-73.543,2013-10-03 17:42:01.218000
-74.067,2013-10-03 17:42:01.359000
-72.416,2013-10-03 17:42:01.515000
-79.492,2013-10-03 17:42:01.656000
-80.445,2013-10-03 17:42:01.796000
-73.636,2013-10-03 17:42:01.921000
-78.737,2013-10-03 17:42:02.062000
-72.376,2013-10-03 17:42:02.187000
-71.929,2013-10-03 17:42:02.328000
-73.572,2013-10-03 17:42:02.453000
-74.003,2013-10-03 17:42:02.625000
-71.155,2013-10-03 17:42:02.765000
-73.113,2013-10-03 17:42:02.906000
-80.208,2013-10-03 17:42:03.031000
-80.12,2013-10-03 17:42:03.156000
-72.061,2013-10-03 17:42:03.296000
-72.376,2013-10-03 17:42:03.421000
-76.691,2013-10-03 17:42:03.562000
-80.831,2013-10-03 17:42:03.718000
-78.557,2013-10-03 17:42:03.859000
-71.777,2013-10-03 17:42:04
-73.108,2013-10-03 17:42:04.125000
-73.478,2013-10-03 17:42:04.265000
-79.05,2013-10-03 17:42:04.390000
-74.338,2013-10-03 17:42:04.531000
-71.465,2013-10-03 17:42:04.656000
-72.549,2013-10-03 17:42:04.828000
-73.894,2013-10-03 17:42:04.968000
-72.056,2013-10-03 17:42:05.093000
-72.126,2013-10-03 17:42:05.218000
-81.167,2013-10-03 17:42:05.359000
-74.919,2013-10-03 17:42:05.484000
-79.553,2013-10-03 17:42:05.625000
-75.512,2013-10-03 17:42:05.750000
-73.594,2013-10-03 17:42:05.921000
-74.301,2013-10-03 17:42:06.062000
-81.413,2013-10-03 17:42:06.187000
-71.265,2013-10-03 17:42:06.328000
-78.118,2013-10-03 17:42:06.453000
-80.506,2013-10-03 17:42:06.609000
-73.032,2013-10-03 17:42:06.750000
-74.69,2013-10-03 17:42:06.875000
-74.445,2013-10-03 17:42:07.046000
-75.3,2013-10-03 17:42:07.187000
-80.998,2013-10-03 17:42:07.312000
-73.885,2013-10-03 17:42:07.453000
-72.237,2013-10-03 17:42:07.578000
-73.951,2013-10-03 17:42:07.703000
-78.8,2013-10-03 17:42:07.843000
-73.211,2013-10-03 17:42:08.015000
-74.458,2013-10-03 17:42:08.156000
-79.41,2013-10-03 17:42:08.281000
-80.227,2013-10-03 17:42:08.406000
-73.579,2013-10-03 17:42:08.546000
-74.599,2013-10-03 17:42:08.687000
-75.275,2013-10-03 17:42:08.812000
-75.941,2013-10-03 17:42:08.953000
-79.549,2013-10-03 17:42:09.109000
-75.063,2013-10-03 17:42:09.250000
-78.932,2013-10-03 17:42:09.390000
-71.662,2013-10-03 17:42:09.515000
-79.303,2013-10-03 17:42:09.640000
-72.978,2013-10-03 17:42:09.781000
-74.955,2013-10-03 17:42:09.937000
-80.347,2013-10-03 17:42:10.078000
-80.273,2013-10-03 17:42:10.234000
-78.261,2013-10-03 17:42:10.375000
-74.907,2013-10-03 17:42:10.515000
-79.344,2013-10-03 17:42:10.640000
-75.253,2013-10-03 17:42:10.781000
-74.618,2013-10-03 17:42:10.906000
-74.294,2013-10-03 17:42:11.046000
-73.524,2013-10-03 17:42:11.234000
-79.559,2013-10-03 17:42:11.453000
-72.538,2013-10-03 17:42:11.593000
-79.017,2013-10-03 17:42:11.718000
-80.007,2013-10-03 17:42:11.859000
-81.091,2013-10-03 17:42:11.984000
-79.092,2013-10-03 17:42:12.109000
-74.441,2013-10-03 17:42:12.281000
-80.239,2013-10-03 17:42:12.421000
-73.751,2013-10-03 17:42:12.562000
-74.033,2013-10-03 17:42:12.687000
-73.982,2013-10-03 17:42:12.828000
-74.716,2013-10-03 17:42:12.953000
-73.676,2013-10-03 17:42:13.093000
-79.014,2013-10-03 17:42:13.218000
-74.35,2013-10-03 17:42:13.390000
-79.873,2013-10-03 17:42:13.531000
-72.846,2013-10-03 17:42:13.625000
-78.659,2013-10-03 17:42:13.796000
-77.848,2013-10-03 17:42:13.921000
-80.405,2013-10-03 17:42:14.062000
-75.616,2013-10-03 17:42:14.187000
-72.607,2013-10-03 17:42:14.328000
-80.493,2013-10-03 17:42:14.578000
-79.686,2013-10-03 17:42:14.718000
-80.802,2013-10-03 17:42:14.843000
-75.02,2013-10-03 17:42:14.968000
-73.957,2013-10-03 17:42:15.109000
-74.191,2013-10-03 17:42:15.234000
-80.235,2013-10-03 17:42:15.468000
-73.38,2013-10-03 17:42:15.625000
-73.891,2013-10-03 17:42:15.750000
-72.829,2013-10-03 17:42:15.890000
-79.556,2013-10-03 17:42:16.015000
-73.56,2013-10-03 17:42:16.156000
-73.612,2013-10-03 17:42:16.281000
-73.821,2013-10-03 17:42:16.484000
-75.187,2013-10-03 17:42:16.671000
-74.113,2013-10-03 17:42:16.812000
-72.541,2013-10-03 17:42:16.937000
-80.841,2013-10-03 17:42:17.062000
-76.421,2013-10-03 17:42:17.203000
-79.649,2013-10-03 17:42:17.328000
-78.606,2013-10-03 17:42:17.578000
-79.821,2013-10-03 17:42:17.718000
-79.807,2013-10-03 17:42:17.859000
-79.256,2013-10-03 17:42:17.984000
-73.778,2013-10-03 17:42:18.125000
-75.823,2013-10-03 17:42:18.250000
-73.556,2013-10-03 17:42:18.375000
-81.454,2013-10-03 17:42:18.546000
-80.055,2013-10-03 17:42:18.687000
-80.485,2013-10-03 17:42:18.828000
-80.926,2013-10-03 17:42:18.953000
-75.672,2013-10-03 17:42:19.093000
-78.506,2013-10-03 17:42:19.218000
-80.073,2013-10-03 17:42:19.343000
-80.098,2013-10-03 17:42:19.484000
-73.09,2013-10-03 17:42:19.640000
-75.806,2013-10-03 17:42:19.781000
-80.817,2013-10-03 17:42:19.921000
-74.6,2013-10-03 17:42:20.046000
-78.783,2013-10-03 17:42:20.187000
-74.224,2013-10-03 17:42:20.312000
-73.26,2013-10-03 17:42:20.453000
-80.319,2013-10-03 17:42:20.578000
-80.647,2013-10-03 17:42:20.750000
-73.645,2013-10-03 17:42:20.890000
-73.139,2013-10-03 17:42:21.015000
-76.294,2013-10-03 17:42:21.234000
-78.095,2013-10-03 17:42:21.359000
-73.755,2013-10-03 17:42:21.500000
-79.078,2013-10-03 17:42:21.625000
-76.53,2013-10-03 17:42:21.796000
-79.219,2013-10-03 17:42:21.937000
-73.914,2013-10-03 17:42:22.062000
-75.291,2013-10-03 17:42:22.203000
-79.736,2013-10-03 17:42:22.343000
-78.06,2013-10-03 17:42:22.468000
-79.419,2013-10-03 17:42:22.593000
-78.933,2013-10-03 17:42:22.734000
-76.803,2013-10-03 17:42:22.906000
-74.339,2013-10-03 17:42:23.046000
-74.659,2013-10-03 17:42:23.171000
-79.047,2013-10-03 17:42:23.375000
-73.663,2013-10-03 17:42:23.515000
-79.684,2013-10-03 17:42:23.656000
-79.783,2013-10-03 17:42:23.781000
-75.242,2013-10-03 17:42:23.953000
-75.489,2013-10-03 17:42:24.093000
-75.013,2013-10-03 17:42:24.218000
-80.784,2013-10-03 17:42:24.359000
-74.312,2013-10-03 17:42:24.484000
-74.036,2013-10-03 17:42:24.625000
-79.209,2013-10-03 17:42:24.750000
-76.741,2013-10-03 17:42:24.921000
-76.895,2013-10-03 17:42:25.078000
-79.998,2013-10-03 17:42:25.218000
-74.341,2013-10-03 17:42:25.359000
-79.429,2013-10-03 17:42:25.484000
-81.011,2013-10-03 17:42:25.625000
-75.59,2013-10-03 17:42:25.750000
-79.996,2013-10-03 17:42:25.890000
-77.033,2013-10-03 17:42:26.046000
-74.35,2013-10-03 17:42:26.187000
-78.321,2013-10-03 17:42:26.328000
-76.167,2013-10-03 17:42:26.453000
-75.931,2013-10-03 17:42:26.593000
-79.491,2013-10-03 17:42:26.718000
-79.172,2013-10-03 17:42:26.859000
-78.611,2013-10-03 17:42:27.015000
-73.853,2013-10-03 17:42:27.156000
-78.966,2013-10-03 17:42:27.296000
-74.104,2013-10-03 17:42:27.421000
-79.072,2013-10-03 17:42:27.562000
-79.205,2013-10-03 17:42:27.687000
-75.638,2013-10-03 17:42:27.828000
-73.452,2013-10-03 17:42:27.953000
-79.531,2013-10-03 17:42:28.125000
-76.551,2013-10-03 17:42:28.265000
-81.387,2013-10-03 17:42:28.390000
-75.557,2013-10-03 17:42:28.531000
-75.518,2013-10-03 17:42:28.656000
-73.202,2013-10-03 17:42:28.796000
-73.746,2013-10-03 17:42:28.921000
-76.818,2013-10-03 17:42:29.062000
-79.392,2013-10-03 17:42:29.218000
-74.675,2013-10-03 17:42:29.359000
-75.334,2013-10-03 17:42:29.500000
-75.423,2013-10-03 17:42:29.625000
-78.802,2013-10-03 17:42:29.718000
-74.83,2013-10-03 17:42:29.890000
-78.986,2013-10-03 17:42:30.031000
-73.193,2013-10-03 17:42:30.156000
-75.464,2013-10-03 17:42:30.328000
-75.789,2013-10-03 17:42:30.468000
-74.489,2013-10-03 17:42:30.593000
-77.811,2013-10-03 17:42:30.734000
-75.534,2013-10-03 17:42:30.859000
-78.573,2013-10-03 17:42:30.984000
-76.904,2013-10-03 17:42:31.125000
-77.369,2013-10-03 17:42:31.250000
-78.703,2013-10-03 17:42:31.421000
-77.806,2013-10-03 17:42:31.562000
-73.886,2013-10-03 17:42:31.687000
-77.78,2013-10-03 17:42:31.828000
-73.858,2013-10-03 17:42:31.953000
-73.919,2013-10-03 17:42:32.093000
-74.245,2013-10-03 17:42:32.218000
-80.607,2013-10-03 17:42:32.343000
-80.225,2013-10-03 17:42:32.515000
-77.052,2013-10-03 17:42:32.656000
-78.3,2013-10-03 17:42:32.796000
-74.665,2013-10-03 17:42:32.921000
-73.649,2013-10-03 17:42:33.062000
-80.091,2013-10-03 17:42:33.187000
-72.592,2013-10-03 17:42:33.328000
-76.058,2013-10-03 17:42:33.453000
-79.429,2013-10-03 17:42:33.625000
-75.148,2013-10-03 17:42:33.765000
-74.69,2013-10-03 17:42:33.890000
-73.492,2013-10-03 17:42:34.031000
-80.092,2013-10-03 17:42:34.171000
-80.611,2013-10-03 17:42:34.296000
-80.859,2013-10-03 17:42:34.421000
-72.511,2013-10-03 17:42:34.562000
-79.12,2013-10-03 17:42:34.734000
-79.004,2013-10-03 17:42:34.875000
-74.215,2013-10-03 17:42:35
-72.152,2013-10-03 17:42:35.093000
-72.466,2013-10-03 17:42:35.265000
-78.139,2013-10-03 17:42:35.406000
-77.821,2013-10-03 17:42:35.531000
-79.361,2013-10-03 17:42:35.671000
-77.279,2013-10-03 17:42:35.828000
-75.678,2013-10-03 17:42:35.968000
-80.263,2013-10-03 17:42:36.109000
-75.905,2013-10-03 17:42:36.234000
-78.434,2013-10-03 17:42:36.375000
-79.332,2013-10-03 17:42:36.500000
-75.842,2013-10-03 17:42:36.640000
-79.137,2013-10-03 17:42:36.765000
-74.867,2013-10-03 17:42:36.937000
-75.47,2013-10-03 17:42:37.078000
-75.47,2013-10-03 17:42:37.218000
-73.202,2013-10-03 17:42:37.343000
-72.774,2013-10-03 17:42:37.484000
-72.419,2013-10-03 17:42:37.609000
-81.23,2013-10-03 17:42:37.750000
-81.301,2013-10-03 17:42:37.875000
-74.211,2013-10-03 17:42:38.046000
-78.355,2013-10-03 17:42:38.187000
-79.353,2013-10-03 17:42:38.265000
-81.003,2013-10-03 17:42:38.453000
-76.239,2013-10-03 17:42:38.593000
-76.239,2013-10-03 17:42:38.718000
-73.922,2013-10-03 17:42:38.859000
-78.479,2013-10-03 17:42:39.015000
-74.849,2013-10-03 17:42:39.156000
-75.213,2013-10-03 17:42:39.296000
-73.828,2013-10-03 17:42:39.421000
-76.165,2013-10-03 17:42:39.562000
-76.938,2013-10-03 17:42:39.687000
-79.23,2013-10-03 17:42:39.812000
-75.154,2013-10-03 17:42:39.953000
-75.897,2013-10-03 17:42:40.109000
-76.463,2013-10-03 17:42:40.265000
-79.099,2013-10-03 17:42:40.421000
-74.797,2013-10-03 17:42:40.546000
-75.517,2013-10-03 17:42:40.671000
-79.738,2013-10-03 17:42:40.812000
-75.77,2013-10-03 17:42:40.937000
-78.19,2013-10-03 17:42:41.078000
-76.525,2013-10-03 17:42:41.234000
-80.318,2013-10-03 17:42:41.375000
-80.905,2013-10-03 17:42:41.515000
-75.094,2013-10-03 17:42:41.640000
-76.864,2013-10-03 17:42:41.781000
-78.197,2013-10-03 17:42:41.906000
-77.261,2013-10-03 17:42:42.031000
-74.217,2013-10-03 17:42:42.203000
-75.056,2013-10-03 17:42:42.343000
-80.259,2013-10-03 17:42:42.468000
-72.171,2013-10-03 17:42:42.609000
-80.578,2013-10-03 17:42:42.734000
-74.064,2013-10-03 17:42:42.875000
-72.524,2013-10-03 17:42:43
-73.978,2013-10-03 17:42:43.140000
-80.323,2013-10-03 17:42:43.312000
-80.525,2013-10-03 17:42:43.453000
-73.65,2013-10-03 17:42:43.578000
-76.89,2013-10-03 17:42:43.718000
-73.212,2013-10-03 17:42:43.843000
-79.946,2013-10-03 17:42:43.968000
-76.295,2013-10-03 17:42:44.109000
-74.418,2013-10-03 17:42:44.234000
-79.106,2013-10-03 17:42:44.359000
-81.192,2013-10-03 17:42:44.546000
-76.146,2013-10-03 17:42:44.671000
-75.634,2013-10-03 17:42:44.812000
-79.267,2013-10-03 17:42:44.937000
-76.041,2013-10-03 17:42:45.062000
-80.644,2013-10-03 17:42:45.203000
-80.361,2013-10-03 17:42:45.375000
-80.777,2013-10-03 17:42:45.515000
-75.503,2013-10-03 17:42:45.640000
-75.171,2013-10-03 17:42:45.781000
-77.52,2013-10-03 17:42:45.906000
-71.898,2013-10-03 17:42:46.031000
-72.875,2013-10-03 17:42:46.171000
-80.554,2013-10-03 17:42:46.296000
-79.098,2013-10-03 17:42:46.468000
-80.377,2013-10-03 17:42:46.609000
-77.142,2013-10-03 17:42:46.734000
-79.9,2013-10-03 17:42:46.875000
-78.561,2013-10-03 17:42:47
-76.563,2013-10-03 17:42:47.125000
-73.789,2013-10-03 17:42:47.265000
-78.931,2013-10-03 17:42:47.390000
-79.692,2013-10-03 17:42:47.515000
-79.913,2013-10-03 17:42:47.703000
-78.963,2013-10-03 17:42:47.828000
-80.637,2013-10-03 17:42:47.968000
-79.583,2013-10-03 17:42:48.093000
-76.513,2013-10-03 17:42:48.234000
-75.081,2013-10-03 17:42:48.359000
-80.384,2013-10-03 17:42:48.531000
-77.386,2013-10-03 17:42:48.671000
-75.557,2013-10-03 17:42:48.796000
-80.296,2013-10-03 17:42:48.937000
-76.005,2013-10-03 17:42:49.062000
-77.984,2013-10-03 17:42:49.187000
-78.483,2013-10-03 17:42:49.328000
-80.957,2013-10-03 17:42:49.453000
-79.9,2013-10-03 17:42:49.625000
-74.411,2013-10-03 17:42:49.765000
-74.252,2013-10-03 17:42:49.906000
-73.687,2013-10-03 17:42:50.031000
-79.569,2013-10-03 17:42:50.156000
-74,2013-10-03 17:42:50.296000
-75.505,2013-10-03 17:42:50.421000
-79.674,2013-10-03 17:42:50.546000
-76.996,2013-10-03 17:42:50.734000
-75.336,2013-10-03 17:42:50.875000
-79.373,2013-10-03 17:42:51
-75.097,2013-10-03 17:42:51.140000
-78.911,2013-10-03 17:42:51.265000
-79.016,2013-10-03 17:42:51.390000
-79.527,2013-10-03 17:42:51.531000
-80.812,2013-10-03 17:42:51.703000
-76.088,2013-10-03 17:42:51.843000
-80.848,2013-10-03 17:42:51.968000
-73.693,2013-10-03 17:42:52.109000
-76.372,2013-10-03 17:42:52.234000
-79.58,2013-10-03 17:42:52.359000
-77.595,2013-10-03 17:42:52.500000
-73.433,2013-10-03 17:42:52.625000
-75.401,2013-10-03 17:42:52.796000
-79.429,2013-10-03 17:42:52.937000
-79.223,2013-10-03 17:42:53.062000
-74.296,2013-10-03 17:42:53.203000
-80.243,2013-10-03 17:42:53.328000
-80.175,2013-10-03 17:42:53.453000
-75.469,2013-10-03 17:42:53.593000
-78.275,2013-10-03 17:42:53.718000
-73.158,2013-10-03 17:42:53.843000
-72.329,2013-10-03 17:42:54.031000
-78.802,2013-10-03 17:42:54.156000
-80.095,2013-10-03 17:42:54.296000
-76.812,2013-10-03 17:42:54.421000
-79.587,2013-10-03 17:42:54.562000
-71.052,2013-10-03 17:42:54.687000
-80.568,2013-10-03 17:42:54.859000
-78.026,2013-10-03 17:42:55
-71.46,2013-10-03 17:42:55.140000
-80.763,2013-10-03 17:42:55.234000
-79.509,2013-10-03 17:42:55.406000
-70.79,2013-10-03 17:42:55.562000
-70.882,2013-10-03 17:42:55.703000
-78.207,2013-10-03 17:42:55.828000
-73.185,2013-10-03 17:42:56
-78.431,2013-10-03 17:42:56.140000
-71.142,2013-10-03 17:42:56.265000
-80.833,2013-10-03 17:42:56.406000
-75.534,2013-10-03 17:42:56.531000
-75.473,2013-10-03 17:42:56.671000
-77.504,2013-10-03 17:42:56.796000
-71.171,2013-10-03 17:42:56.968000
-78.088,2013-10-03 17:42:57.109000
-75.992,2013-10-03 17:42:57.234000
-73.199,2013-10-03 17:42:57.375000
-79.265,2013-10-03 17:42:57.500000
-73.858,2013-10-03 17:42:57.625000
-72.472,2013-10-03 17:42:57.765000
-73.243,2013-10-03 17:42:57.890000
-73.339,2013-10-03 17:42:58.062000
-72.627,2013-10-03 17:42:58.203000
-72.688,2013-10-03 17:42:58.328000
-80.398,2013-10-03 17:42:58.468000
-79.702,2013-10-03 17:42:58.593000
-74.777,2013-10-03 17:42:58.734000
-73.563,2013-10-03 17:42:58.859000
-73.186,2013-10-03 17:42:59
-72.72,2013-10-03 17:42:59.156000
-73.816,2013-10-03 17:42:59.296000
-80.742,2013-10-03 17:42:59.437000
-79.559,2013-10-03 17:42:59.562000
-73.977,2013-10-03 17:42:59.687000
-80.318,2013-10-03 17:42:59.828000
-75.75,2013-10-03 17:42:59.953000
-73.464,2013-10-03 17:43:00.093000
-75.29,2013-10-03 17:43:00.218000
-80.464,2013-10-03 17:43:00.390000
-80.1,2013-10-03 17:43:00.531000
-74.37,2013-10-03 17:43:00.671000
-73.853,2013-10-03 17:43:00.796000
-78.971,2013-10-03 17:43:00.921000
-73.693,2013-10-03 17:43:01.062000
-79.942,2013-10-03 17:43:01.234000
-74.138,2013-10-03 17:43:01.375000
-75.383,2013-10-03 17:43:01.500000
-75.726,2013-10-03 17:43:01.703000
-79.662,2013-10-03 17:43:01.843000
-80.735,2013-10-03 17:43:01.968000
-78.508,2013-10-03 17:43:02.109000
-75.649,2013-10-03 17:43:02.281000
-79.273,2013-10-03 17:43:02.421000
-73.428,2013-10-03 17:43:02.546000
-80.071,2013-10-03 17:43:02.687000
-74.829,2013-10-03 17:43:02.812000
-75.525,2013-10-03 17:43:02.937000
-74.061,2013-10-03 17:43:03.078000
-77.73,2013-10-03 17:43:03.203000
-79.752,2013-10-03 17:43:03.375000
-74.853,2013-10-03 17:43:03.515000
-79.466,2013-10-03 17:43:03.640000
-79.344,2013-10-03 17:43:03.781000
-76.097,2013-10-03 17:43:03.921000
-79.414,2013-10-03 17:43:04.046000
-73.931,2013-10-03 17:43:04.171000
-54.654,2013-10-03 17:43:04.312000
-79.854,2013-10-03 17:43:04.562000
-73.163,2013-10-03 17:43:04.703000
-73.59,2013-10-03 17:43:04.828000
-74.198,2013-10-03 17:43:04.968000
-81.537,2013-10-03 17:43:05.093000
-78.704,2013-10-03 17:43:05.234000
-77.804,2013-10-03 17:43:05.468000
-74.247,2013-10-03 17:43:05.609000
-74.958,2013-10-03 17:43:05.750000
-80.001,2013-10-03 17:43:05.875000
-80.552,2013-10-03 17:43:06.015000
-75.481,2013-10-03 17:43:06.140000
-81.417,2013-10-03 17:43:06.265000
-78.794,2013-10-03 17:43:06.515000
-80.048,2013-10-03 17:43:06.656000
-72.856,2013-10-03 17:43:06.796000
-75.702,2013-10-03 17:43:06.921000
-79.272,2013-10-03 17:43:07.046000
-73.89,2013-10-03 17:43:07.187000
-77.426,2013-10-03 17:43:07.312000
-74.469,2013-10-03 17:43:07.562000
-79.94,2013-10-03 17:43:07.703000
-74.645,2013-10-03 17:43:07.828000
-73.636,2013-10-03 17:43:07.968000
-74.816,2013-10-03 17:43:08.093000
-72.419,2013-10-03 17:43:08.234000
-79.734,2013-10-03 17:43:08.359000
-74.291,2013-10-03 17:43:08.609000
-74.861,2013-10-03 17:43:08.750000
-74.963,2013-10-03 17:43:08.875000
-73.497,2013-10-03 17:43:09.015000
-73.819,2013-10-03 17:43:09.140000
-80.852,2013-10-03 17:43:09.265000
-79.657,2013-10-03 17:43:09.406000
-71.679,2013-10-03 17:43:09.640000
-72.654,2013-10-03 17:43:09.796000
-78.907,2013-10-03 17:43:09.921000
-78.808,2013-10-03 17:43:10.046000
-72.693,2013-10-03 17:43:10.187000
-75.426,2013-10-03 17:43:10.312000
-76.008,2013-10-03 17:43:10.453000
-79.409,2013-10-03 17:43:10.703000
-73.876,2013-10-03 17:43:10.859000
-78.717,2013-10-03 17:43:10.984000
-80.314,2013-10-03 17:43:11.125000
-73.974,2013-10-03 17:43:11.250000
-78.925,2013-10-03 17:43:11.390000
-79.921,2013-10-03 17:43:11.515000
-73.906,2013-10-03 17:43:11.671000
-73.63,2013-10-03 17:43:11.812000
-79.352,2013-10-03 17:43:11.953000
-79.443,2013-10-03 17:43:12.093000
-77.249,2013-10-03 17:43:12.234000
-73.78,2013-10-03 17:43:12.375000
-74.782,2013-10-03 17:43:12.500000
-80.458,2013-10-03 17:43:12.625000
-81.046,2013-10-03 17:43:12.796000
-72.754,2013-10-03 17:43:12.937000
-76.065,2013-10-03 17:43:13.078000
-79.595,2013-10-03 17:43:13.203000
-73.896,2013-10-03 17:43:13.328000
-74.424,2013-10-03 17:43:13.468000
-79.311,2013-10-03 17:43:13.593000
-75.824,2013-10-03 17:43:13.765000
-77.334,2013-10-03 17:43:13.906000
-79.231,2013-10-03 17:43:14.031000
-82.72,2013-10-03 17:43:14.171000
-81.336,2013-10-03 17:43:14.296000
-75.241,2013-10-03 17:43:14.437000
-73.243,2013-10-03 17:43:14.562000
-77.216,2013-10-03 17:43:14.703000
-46.904,2013-10-03 17:43:14.859000
-73.538,2013-10-03 17:43:15
-78.41,2013-10-03 17:43:15.140000
-77.407,2013-10-03 17:43:15.265000
-79.672,2013-10-03 17:43:15.390000
-80.442,2013-10-03 17:43:15.531000
-80.484,2013-10-03 17:43:15.656000
-76.039,2013-10-03 17:43:15.796000
-76.878,2013-10-03 17:43:15.953000
-76.16,2013-10-03 17:43:16.093000
-76.017,2013-10-03 17:43:16.234000
-80.054,2013-10-03 17:43:16.359000
-75.542,2013-10-03 17:43:16.500000
-79.811,2013-10-03 17:43:16.625000
-78.647,2013-10-03 17:43:16.765000
-77.053,2013-10-03 17:43:16.890000
-74.699,2013-10-03 17:43:17.062000
-77.692,2013-10-03 17:43:17.203000
-75.796,2013-10-03 17:43:17.328000
-75.047,2013-10-03 17:43:17.468000
-75.966,2013-10-03 17:43:17.593000
-76.762,2013-10-03 17:43:17.718000
-77.682,2013-10-03 17:43:17.859000
-76.262,2013-10-03 17:43:18.031000
-75.247,2013-10-03 17:43:18.156000
-75.817,2013-10-03 17:43:18.296000
-77.495,2013-10-03 17:43:18.421000
-76.503,2013-10-03 17:43:18.562000
-77.541,2013-10-03 17:43:18.687000
-80.026,2013-10-03 17:43:18.828000
-76.185,2013-10-03 17:43:18.953000
-77.404,2013-10-03 17:43:19.125000
-79.738,2013-10-03 17:43:19.265000
-78.975,2013-10-03 17:43:19.390000
-78.858,2013-10-03 17:43:19.531000
-77.986,2013-10-03 17:43:19.656000
-73.996,2013-10-03 17:43:19.796000
-75.519,2013-10-03 17:43:19.921000
-80.039,2013-10-03 17:43:20.046000
-75.47,2013-10-03 17:43:20.218000
-75.471,2013-10-03 17:43:20.359000
-76.369,2013-10-03 17:43:20.484000
-74.631,2013-10-03 17:43:20.625000
-77.114,2013-10-03 17:43:20.750000
-80.769,2013-10-03 17:43:20.890000
-80.122,2013-10-03 17:43:21.015000
-81.469,2013-10-03 17:43:21.156000
-74.341,2013-10-03 17:43:21.312000
-79.372,2013-10-03 17:43:21.453000
-77.476,2013-10-03 17:43:21.593000
-74.621,2013-10-03 17:43:21.718000
-81.217,2013-10-03 17:43:21.859000
-76.318,2013-10-03 17:43:21.984000
-76.171,2013-10-03 17:43:22.125000
-79.945,2013-10-03 17:43:22.250000
-79.952,2013-10-03 17:43:22.421000
-80.209,2013-10-03 17:43:22.562000
-75.043,2013-10-03 17:43:22.687000
-74.376,2013-10-03 17:43:22.812000
-74.809,2013-10-03 17:43:22.953000
-74.149,2013-10-03 17:43:23.078000
-66.412,2013-10-03 17:43:23.218000
-81.117,2013-10-03 17:43:23.343000
-77.976,2013-10-03 17:43:23.515000
-78.978,2013-10-03 17:43:23.656000
-74.484,2013-10-03 17:43:23.781000
-80.009,2013-10-03 17:43:23.906000
-80.482,2013-10-03 17:43:24.046000
-78.814,2013-10-03 17:43:24.171000
-74.763,2013-10-03 17:43:24.312000
-79.607,2013-10-03 17:43:24.437000
-80.633,2013-10-03 17:43:24.609000
-73.733,2013-10-03 17:43:24.750000
-74.573,2013-10-03 17:43:24.875000
-79.492,2013-10-03 17:43:25.015000
-77.534,2013-10-03 17:43:25.140000
-73.892,2013-10-03 17:43:25.265000
-81.616,2013-10-03 17:43:25.406000
-76.769,2013-10-03 17:43:25.531000
-73.853,2013-10-03 17:43:25.703000
-77.926,2013-10-03 17:43:25.843000
-79.908,2013-10-03 17:43:26
-75.078,2013-10-03 17:43:26.140000
-76.259,2013-10-03 17:43:26.265000
-79.178,2013-10-03 17:43:26.406000
-74.062,2013-10-03 17:43:26.531000
-80.278,2013-10-03 17:43:26.671000
-79.531,2013-10-03 17:43:26.796000
-75.827,2013-10-03 17:43:26.984000
-75.636,2013-10-03 17:43:27.109000
-73.83,2013-10-03 17:43:27.250000
-80.452,2013-10-03 17:43:27.375000
-73.909,2013-10-03 17:43:27.515000
-80.787,2013-10-03 17:43:27.640000
-79.671,2013-10-03 17:43:27.812000
-80.64,2013-10-03 17:43:27.953000
-76.128,2013-10-03 17:43:28.078000
-74.549,2013-10-03 17:43:28.218000
-79.35,2013-10-03 17:43:28.343000
-76.907,2013-10-03 17:43:28.484000
-76.476,2013-10-03 17:43:28.609000
-73.645,2013-10-03 17:43:28.750000
-75.593,2013-10-03 17:43:28.906000
-74.698,2013-10-03 17:43:29.046000
-74.634,2013-10-03 17:43:29.187000
-79.774,2013-10-03 17:43:29.312000
-79.182,2013-10-03 17:43:29.453000
-80.362,2013-10-03 17:43:29.578000
-74.323,2013-10-03 17:43:29.718000
-72.955,2013-10-03 17:43:29.843000
-80,2013-10-03 17:43:30.015000
-74.488,2013-10-03 17:43:30.156000
-72.039,2013-10-03 17:43:30.281000
-73.456,2013-10-03 17:43:30.421000
-80.705,2013-10-03 17:43:30.546000
-76.817,2013-10-03 17:43:30.687000
-77.27,2013-10-03 17:43:30.812000
-79.757,2013-10-03 17:43:30.937000
-78.509,2013-10-03 17:43:31.109000
-75.95,2013-10-03 17:43:31.250000
-79.083,2013-10-03 17:43:31.390000
-74.797,2013-10-03 17:43:31.515000
-77.233,2013-10-03 17:43:31.640000
-77.635,2013-10-03 17:43:31.781000
-73.007,2013-10-03 17:43:31.906000
-76.362,2013-10-03 17:43:32.046000
-82.101,2013-10-03 17:43:32.203000
-75.19,2013-10-03 17:43:32.359000
-74.282,2013-10-03 17:43:32.484000
-77.085,2013-10-03 17:43:32.609000
-74.387,2013-10-03 17:43:32.750000
-74.455,2013-10-03 17:43:32.875000
-80.798,2013-10-03 17:43:33.015000
-74.783,2013-10-03 17:43:33.140000
-73.546,2013-10-03 17:43:33.312000
-79.633,2013-10-03 17:43:33.453000
-75.916,2013-10-03 17:43:33.578000
-73.134,2013-10-03 17:43:33.703000
-78.33,2013-10-03 17:43:33.843000
-76.174,2013-10-03 17:43:33.968000
-76.493,2013-10-03 17:43:34.109000
-77.289,2013-10-03 17:43:34.234000
-75.887,2013-10-03 17:43:34.406000
-72.386,2013-10-03 17:43:34.546000
-73.491,2013-10-03 17:43:34.671000
-79.418,2013-10-03 17:43:34.812000
-78.791,2013-10-03 17:43:34.937000
-77.681,2013-10-03 17:43:35.078000
-74.399,2013-10-03 17:43:35.203000
-79.22,2013-10-03 17:43:35.328000
-76.305,2013-10-03 17:43:35.515000
-75.697,2013-10-03 17:43:35.640000
-74.671,2013-10-03 17:43:35.765000
-76.092,2013-10-03 17:43:35.906000
-80.353,2013-10-03 17:43:36.031000
-75.03,2013-10-03 17:43:36.171000
-77.405,2013-10-03 17:43:36.296000
-76.249,2013-10-03 17:43:36.468000
-79.715,2013-10-03 17:43:36.609000
-79.888,2013-10-03 17:43:36.734000
-73.723,2013-10-03 17:43:36.875000
-75.593,2013-10-03 17:43:37
-79.617,2013-10-03 17:43:37.140000
-74.98,2013-10-03 17:43:37.265000
-79.433,2013-10-03 17:43:37.406000
-73.995,2013-10-03 17:43:37.562000
-73.996,2013-10-03 17:43:37.703000
-74.462,2013-10-03 17:43:37.843000
-79.073,2013-10-03 17:43:37.968000
-73.563,2013-10-03 17:43:38.109000
-81.958,2013-10-03 17:43:38.234000
-80.69,2013-10-03 17:43:38.359000
-79.453,2013-10-03 17:43:38.500000
-74.351,2013-10-03 17:43:38.656000
-76.989,2013-10-03 17:43:38.796000
-79.185,2013-10-03 17:43:38.937000
-80.189,2013-10-03 17:43:39.062000
-76.666,2013-10-03 17:43:39.187000
-78.882,2013-10-03 17:43:39.328000
-80.464,2013-10-03 17:43:39.453000
-74.508,2013-10-03 17:43:39.593000
-78.361,2013-10-03 17:43:39.750000
-73.85,2013-10-03 17:43:39.890000
-74.476,2013-10-03 17:43:40.031000
-79.838,2013-10-03 17:43:40.156000
-80.062,2013-10-03 17:43:40.296000
-77.021,2013-10-03 17:43:40.421000
-79.181,2013-10-03 17:43:40.562000
-79.785,2013-10-03 17:43:40.687000
-75.392,2013-10-03 17:43:40.859000
-73.693,2013-10-03 17:43:40.984000
-76.429,2013-10-03 17:43:41.140000
-79.562,2013-10-03 17:43:41.281000
-74.369,2013-10-03 17:43:41.421000
-78.401,2013-10-03 17:43:41.546000
-81.223,2013-10-03 17:43:41.687000
-77.146,2013-10-03 17:43:41.812000
-79.426,2013-10-03 17:43:41.984000
-76.59,2013-10-03 17:43:42.125000
-81.235,2013-10-03 17:43:42.250000
-74.749,2013-10-03 17:43:42.390000
-75.619,2013-10-03 17:43:42.515000
-75.135,2013-10-03 17:43:42.640000
-73.471,2013-10-03 17:43:42.781000
-79.314,2013-10-03 17:43:42.953000
-74.062,2013-10-03 17:43:43.093000
-74.803,2013-10-03 17:43:43.218000
-74.455,2013-10-03 17:43:43.343000
-80.171,2013-10-03 17:43:43.484000
-73.945,2013-10-03 17:43:43.609000
-78.851,2013-10-03 17:43:43.750000
-79.419,2013-10-03 17:43:43.875000
-79.498,2013-10-03 17:43:44.046000
-74.573,2013-10-03 17:43:44.187000
-76.387,2013-10-03 17:43:44.312000
-74.409,2013-10-03 17:43:44.453000
-74.864,2013-10-03 17:43:44.578000
-74.466,2013-10-03 17:43:44.718000
-74.002,2013-10-03 17:43:44.843000
-73.981,2013-10-03 17:43:44.968000
-76.816,2013-10-03 17:43:45.140000
-76.07,2013-10-03 17:43:45.281000
-80.067,2013-10-03 17:43:45.421000
-74.49,2013-10-03 17:43:45.546000
-73.734,2013-10-03 17:43:45.671000
-79.731,2013-10-03 17:43:45.812000
-78.128,2013-10-03 17:43:45.937000
-79.381,2013-10-03 17:43:46.078000
-79.482,2013-10-03 17:43:46.234000
-74.22,2013-10-03 17:43:46.375000
-75.243,2013-10-03 17:43:46.515000
-74.876,2013-10-03 17:43:46.640000
-76.19,2013-10-03 17:43:46.781000
-79.621,2013-10-03 17:43:46.906000
-75,2013-10-03 17:43:47.046000
-74.056,2013-10-03 17:43:47.171000
-78.105,2013-10-03 17:43:47.343000
-79.01,2013-10-03 17:43:47.484000
-74.713,2013-10-03 17:43:47.609000
-79.963,2013-10-03 17:43:47.750000
-74.681,2013-10-03 17:43:47.875000
-81.156,2013-10-03 17:43:48.015000
-74.415,2013-10-03 17:43:48.140000
-74.592,2013-10-03 17:43:48.281000
-80.607,2013-10-03 17:43:48.437000
-73.932,2013-10-03 17:43:48.578000
-78.635,2013-10-03 17:43:48.718000
-79.789,2013-10-03 17:43:48.843000
-77.681,2013-10-03 17:43:48.968000
-74.034,2013-10-03 17:43:49.109000
-75.974,2013-10-03 17:43:49.234000
-77.961,2013-10-03 17:43:49.375000
-74.016,2013-10-03 17:43:49.531000
-74.073,2013-10-03 17:43:49.671000
-79.828,2013-10-03 17:43:49.812000
-80.018,2013-10-03 17:43:49.937000
-74.215,2013-10-03 17:43:50.062000
-78.39,2013-10-03 17:43:50.203000
-78.613,2013-10-03 17:43:50.328000
-75.979,2013-10-03 17:43:50.468000
-77.296,2013-10-03 17:43:50.625000
-75.214,2013-10-03 17:43:50.765000
-74.251,2013-10-03 17:43:50.906000
-81.426,2013-10-03 17:43:51.031000
-75.235,2013-10-03 17:43:51.171000
-73.971,2013-10-03 17:43:51.296000
-80.845,2013-10-03 17:43:51.421000
-74.43,2013-10-03 17:43:51.562000
-80.856,2013-10-03 17:43:51.718000
-73.514,2013-10-03 17:43:51.859000
-76.435,2013-10-03 17:43:52
-74.608,2013-10-03 17:43:52.140000
-78.341,2013-10-03 17:43:52.265000
-77.797,2013-10-03 17:43:52.390000
-79.712,2013-10-03 17:43:52.531000
-75.13,2013-10-03 17:43:52.656000
-80.374,2013-10-03 17:43:52.828000
-73.92,2013-10-03 17:43:52.968000
-75.343,2013-10-03 17:43:53.093000
-73.342,2013-10-03 17:43:53.234000
-76.625,2013-10-03 17:43:53.359000
-81.351,2013-10-03 17:43:53.500000
-76.889,2013-10-03 17:43:53.625000
-80.861,2013-10-03 17:43:53.765000
-77.174,2013-10-03 17:43:53.921000
-74.054,2013-10-03 17:43:54.062000
-75.835,2013-10-03 17:43:54.203000
-77.876,2013-10-03 17:43:54.328000
-74.644,2013-10-03 17:43:54.468000
-74.788,2013-10-03 17:43:54.593000
-72.943,2013-10-03 17:43:54.734000
-77.337,2013-10-03 17:43:54.859000
-76.665,2013-10-03 17:43:55.031000
-78.015,2013-10-03 17:43:55.171000
-73.19,2013-10-03 17:43:55.296000
-75.577,2013-10-03 17:43:55.437000
-75,2013-10-03 17:43:55.562000
-74.206,2013-10-03 17:43:55.703000
-73.91,2013-10-03 17:43:55.828000
-80.83,2013-10-03 17:43:55.953000
-80.525,2013-10-03 17:43:56.125000
-75.953,2013-10-03 17:43:56.265000
-79.057,2013-10-03 17:43:56.421000
-80.384,2013-10-03 17:43:56.562000
-74.286,2013-10-03 17:43:56.687000
-79.19,2013-10-03 17:43:56.828000
-78.021,2013-10-03 17:43:56.953000
-80.664,2013-10-03 17:43:57.093000
-80.007,2013-10-03 17:43:57.250000
-78.54,2013-10-03 17:43:57.390000
-75.712,2013-10-03 17:43:57.484000
-75.906,2013-10-03 17:43:57.656000
-80.786,2013-10-03 17:43:57.781000
-75.999,2013-10-03 17:43:57.921000
-74.307,2013-10-03 17:43:58.046000
-75.307,2013-10-03 17:43:58.218000
-79.877,2013-10-03 17:43:58.359000
-76.381,2013-10-03 17:43:58.500000
-75.364,2013-10-03 17:43:58.625000
-79.896,2013-10-03 17:43:58.750000
-80.594,2013-10-03 17:43:58.890000
-74.898,2013-10-03 17:43:59.015000
-74.842,2013-10-03 17:43:59.140000
-78.338,2013-10-03 17:43:59.312000
-79.255,2013-10-03 17:43:59.453000
-74.257,2013-10-03 17:43:59.593000
-79.751,2013-10-03 17:43:59.718000
-78.442,2013-10-03 17:43:59.843000
-74.746,2013-10-03 17:43:59.984000
-74.261,2013-10-03 17:44:00.109000
-80.321,2013-10-03 17:44:00.250000
-79.948,2013-10-03 17:44:00.421000
-77.86,2013-10-03 17:44:00.546000
-82.194,2013-10-03 17:44:00.687000
-76.469,2013-10-03 17:44:00.812000
-78.375,2013-10-03 17:44:00.953000
-75.058,2013-10-03 17:44:01.078000
-80.532,2013-10-03 17:44:01.203000
-74.888,2013-10-03 17:44:01.375000
-75.781,2013-10-03 17:44:01.515000
-73.603,2013-10-03 17:44:01.656000
-81.501,2013-10-03 17:44:01.781000
-79.868,2013-10-03 17:44:01.906000
-80.369,2013-10-03 17:44:02.046000
-79.558,2013-10-03 17:44:02.171000
-72.011,2013-10-03 17:44:02.312000
-79.955,2013-10-03 17:44:02.468000
-74.121,2013-10-03 17:44:02.609000
-79.88,2013-10-03 17:44:02.750000
-77.017,2013-10-03 17:44:02.875000
-75.438,2013-10-03 17:44:03.015000
-73.865,2013-10-03 17:44:03.140000
-77.912,2013-10-03 17:44:03.265000
-80.093,2013-10-03 17:44:03.406000
-75.613,2013-10-03 17:44:03.531000
-78.755,2013-10-03 17:44:03.703000
-80.66,2013-10-03 17:44:03.843000
-73.853,2013-10-03 17:44:03.968000
-76.302,2013-10-03 17:44:04.109000
-80.283,2013-10-03 17:44:04.234000
-81.109,2013-10-03 17:44:04.375000
-73.519,2013-10-03 17:44:04.531000
-75.395,2013-10-03 17:44:04.671000
-76.339,2013-10-03 17:44:04.812000
-74.278,2013-10-03 17:44:04.937000
-79.306,2013-10-03 17:44:05.062000
-76.274,2013-10-03 17:44:05.203000
-72.493,2013-10-03 17:44:05.328000
-73.226,2013-10-03 17:44:05.468000
-79.625,2013-10-03 17:44:05.625000
-76.077,2013-10-03 17:44:05.765000
-74.177,2013-10-03 17:44:05.906000
-73.471,2013-10-03 17:44:06.031000
-79.516,2013-10-03 17:44:06.171000
-73.637,2013-10-03 17:44:06.296000
-80.451,2013-10-03 17:44:06.437000
-76.032,2013-10-03 17:44:06.562000
-73.988,2013-10-03 17:44:06.734000
-73.753,2013-10-03 17:44:06.859000
-74.562,2013-10-03 17:44:07
-75.715,2013-10-03 17:44:07.125000
-77.93,2013-10-03 17:44:07.265000
-81.894,2013-10-03 17:44:07.390000
-75.034,2013-10-03 17:44:07.515000
-79.505,2013-10-03 17:44:07.687000
-74.936,2013-10-03 17:44:07.828000
-76.768,2013-10-03 17:44:07.968000
-77.091,2013-10-03 17:44:08.093000
-79.759,2013-10-03 17:44:08.218000
-77.99,2013-10-03 17:44:08.359000
-81.685,2013-10-03 17:44:08.484000
-77.488,2013-10-03 17:44:08.625000
-76.32,2013-10-03 17:44:08.781000
-78.366,2013-10-03 17:44:08.921000
-77.218,2013-10-03 17:44:09.062000
-81.006,2013-10-03 17:44:09.187000
-75.916,2013-10-03 17:44:09.328000
-79.579,2013-10-03 17:44:09.453000
-79.848,2013-10-03 17:44:09.578000
-80.752,2013-10-03 17:44:09.718000
-79.447,2013-10-03 17:44:09.843000
-77.71,2013-10-03 17:44:10.031000
-77.65,2013-10-03 17:44:10.156000
-79.88,2013-10-03 17:44:10.281000
-81.47,2013-10-03 17:44:10.421000
-80.435,2013-10-03 17:44:10.546000
-79.406,2013-10-03 17:44:10.687000
-78.645,2013-10-03 17:44:10.843000
-78.921,2013-10-03 17:44:10.984000
-78.359,2013-10-03 17:44:11.125000
-80.382,2013-10-03 17:44:11.250000
-79.577,2013-10-03 17:44:11.390000
-78.515,2013-10-03 17:44:11.531000
-76.386,2013-10-03 17:44:11.687000
-77.242,2013-10-03 17:44:11.812000
-76.783,2013-10-03 17:44:11.984000
-79.781,2013-10-03 17:44:12.125000
-77.042,2013-10-03 17:44:12.250000
-78.424,2013-10-03 17:44:12.390000
-79.525,2013-10-03 17:44:12.515000
-79.131,2013-10-03 17:44:12.656000
-79.461,2013-10-03 17:44:12.781000
-77.394,2013-10-03 17:44:12.953000
-75.734,2013-10-03 17:44:13.093000
-76.418,2013-10-03 17:44:13.218000
-75.958,2013-10-03 17:44:13.359000
-76.692,2013-10-03 17:44:13.484000
-74.935,2013-10-03 17:44:13.625000
-74.252,2013-10-03 17:44:13.750000
-77.717,2013-10-03 17:44:13.890000
-77.314,2013-10-03 17:44:14.062000
-74.392,2013-10-03 17:44:14.203000
-78.617,2013-10-03 17:44:14.328000
-75.551,2013-10-03 17:44:14.453000
-81.093,2013-10-03 17:44:14.593000
-77.909,2013-10-03 17:44:14.718000
-78.717,2013-10-03 17:44:14.859000
-79.604,2013-10-03 17:44:14.984000
-75.223,2013-10-03 17:44:15.156000
-80.784,2013-10-03 17:44:15.296000
-81.302,2013-10-03 17:44:15.421000
-80.493,2013-10-03 17:44:15.562000
-78.799,2013-10-03 17:44:15.687000
-78.55,2013-10-03 17:44:15.812000
-74.975,2013-10-03 17:44:15.953000
-79.06,2013-10-03 17:44:16.125000
-75.925,2013-10-03 17:44:16.265000
-79.9,2013-10-03 17:44:16.390000
-80.437,2013-10-03 17:44:16.531000
-79.081,2013-10-03 17:44:16.656000
-75.557,2013-10-03 17:44:16.781000
-78.697,2013-10-03 17:44:16.921000
-76.62,2013-10-03 17:44:17.046000
-79.909,2013-10-03 17:44:17.218000
-77.629,2013-10-03 17:44:17.359000
-76.022,2013-10-03 17:44:17.484000
-79.496,2013-10-03 17:44:17.625000
-76.067,2013-10-03 17:44:17.750000
-79.202,2013-10-03 17:44:17.890000
-75.362,2013-10-03 17:44:18.015000
-79.482,2013-10-03 17:44:18.156000
-76.504,2013-10-03 17:44:18.312000
-79.209,2013-10-03 17:44:18.453000
-74.89,2013-10-03 17:44:18.593000
-78.106,2013-10-03 17:44:18.718000
-76.832,2013-10-03 17:44:18.859000
-79.739,2013-10-03 17:44:18.984000
-75.892,2013-10-03 17:44:19.125000
-78.417,2013-10-03 17:44:19.250000
-77.753,2013-10-03 17:44:19.421000
-75.51,2013-10-03 17:44:19.562000
-80.325,2013-10-03 17:44:19.703000
-74.602,2013-10-03 17:44:19.828000
-81.381,2013-10-03 17:44:19.968000
-80.618,2013-10-03 17:44:20.093000
-76.315,2013-10-03 17:44:20.234000
-77.15,2013-10-03 17:44:20.359000
-79.773,2013-10-03 17:44:20.531000
-80.645,2013-10-03 17:44:20.671000
-78.479,2013-10-03 17:44:20.796000
-81.631,2013-10-03 17:44:20.937000
-79.934,2013-10-03 17:44:21.062000
-81.314,2013-10-03 17:44:21.187000
-80.496,2013-10-03 17:44:21.328000
-79.171,2013-10-03 17:44:21.453000
-79.221,2013-10-03 17:44:21.625000
-74.849,2013-10-03 17:44:21.765000
-77.8,2013-10-03 17:44:21.890000
-80.788,2013-10-03 17:44:22.031000
-79.542,2013-10-03 17:44:22.156000
-76.391,2013-10-03 17:44:22.296000
-76.888,2013-10-03 17:44:22.421000
-73.916,2013-10-03 17:44:22.562000
-77.206,2013-10-03 17:44:22.718000
-79.296,2013-10-03 17:44:22.859000
-74.117,2013-10-03 17:44:23
-74.602,2013-10-03 17:44:23.125000
-75.289,2013-10-03 17:44:23.265000
-78.817,2013-10-03 17:44:23.390000
-79.695,2013-10-03 17:44:23.515000
-79.765,2013-10-03 17:44:23.656000
-79.226,2013-10-03 17:44:23.812000
-77.629,2013-10-03 17:44:23.953000
-74.314,2013-10-03 17:44:24.093000
-80.129,2013-10-03 17:44:24.218000
-76.294,2013-10-03 17:44:24.359000
-79.67,2013-10-03 17:44:24.484000
-80.63,2013-10-03 17:44:24.625000
-75.209,2013-10-03 17:44:24.750000
-74.243,2013-10-03 17:44:24.921000
-79.956,2013-10-03 17:44:25.062000
-75.677,2013-10-03 17:44:25.187000
-73.922,2013-10-03 17:44:25.312000
-80.12,2013-10-03 17:44:25.453000
-77.687,2013-10-03 17:44:25.578000
-76.301,2013-10-03 17:44:25.718000
-74.674,2013-10-03 17:44:25.843000
-80.467,2013-10-03 17:44:26.015000
-73.527,2013-10-03 17:44:26.156000
-80.978,2013-10-03 17:44:26.281000
-79.364,2013-10-03 17:44:26.421000
-75.923,2013-10-03 17:44:26.546000
-74.473,2013-10-03 17:44:26.687000
-74.4,2013-10-03 17:44:26.828000
-76.049,2013-10-03 17:44:26.968000
-74.301,2013-10-03 17:44:27.140000
-74.868,2013-10-03 17:44:27.281000
-80.146,2013-10-03 17:44:27.421000
-75.42,2013-10-03 17:44:27.546000
-79.805,2013-10-03 17:44:27.671000
-73.55,2013-10-03 17:44:27.812000
-75.764,2013-10-03 17:44:27.937000
-75.826,2013-10-03 17:44:28.109000
-75.697,2013-10-03 17:44:28.250000
-74.972,2013-10-03 17:44:28.390000
-81.15,2013-10-03 17:44:28.515000
-79.157,2013-10-03 17:44:28.656000
-77.277,2013-10-03 17:44:28.781000
-75.752,2013-10-03 17:44:28.921000
-74.165,2013-10-03 17:44:29.046000
-79.923,2013-10-03 17:44:29.218000
-74.671,2013-10-03 17:44:29.359000
-75.623,2013-10-03 17:44:29.484000
-75.837,2013-10-03 17:44:29.625000
-79.378,2013-10-03 17:44:29.750000
-73.357,2013-10-03 17:44:29.890000
-75.22,2013-10-03 17:44:30.015000
-81.702,2013-10-03 17:44:30.140000
-76.381,2013-10-03 17:44:30.312000
-74.96,2013-10-03 17:44:30.453000
-80.679,2013-10-03 17:44:30.578000
-74.723,2013-10-03 17:44:30.718000
-79.83,2013-10-03 17:44:30.843000
-79.491,2013-10-03 17:44:30.984000
-79.536,2013-10-03 17:44:31.109000
-75.842,2013-10-03 17:44:31.281000
-80.005,2013-10-03 17:44:31.421000
-76.104,2013-10-03 17:44:31.546000
-74.533,2013-10-03 17:44:31.687000
-76.785,2013-10-03 17:44:31.812000
-73.048,2013-10-03 17:44:31.937000
-75.205,2013-10-03 17:44:32.078000
-80.065,2013-10-03 17:44:32.203000
-76.27,2013-10-03 17:44:32.375000
-80.048,2013-10-03 17:44:32.515000
-79.172,2013-10-03 17:44:32.718000
-74.419,2013-10-03 17:44:32.859000
-72.127,2013-10-03 17:44:32.984000
-80.47,2013-10-03 17:44:33.125000
-75.244,2013-10-03 17:44:33.250000
-78.344,2013-10-03 17:44:33.421000
-74.724,2013-10-03 17:44:33.562000
-80.341,2013-10-03 17:44:33.687000
-77.825,2013-10-03 17:44:33.812000
-80.492,2013-10-03 17:44:33.953000
-75.167,2013-10-03 17:44:34.078000
-76.229,2013-10-03 17:44:34.218000
-74.599,2013-10-03 17:44:34.343000
-81.379,2013-10-03 17:44:34.515000
-75.019,2013-10-03 17:44:34.656000
-79.975,2013-10-03 17:44:34.781000
-78.675,2013-10-03 17:44:34.921000
-75.409,2013-10-03 17:44:35.046000
-76.618,2013-10-03 17:44:35.187000
-74.864,2013-10-03 17:44:35.312000
-73.219,2013-10-03 17:44:35.453000
-80.027,2013-10-03 17:44:35.609000
-75.717,2013-10-03 17:44:35.750000
-78.443,2013-10-03 17:44:35.890000
-73.284,2013-10-03 17:44:36.015000
-75.317,2013-10-03 17:44:36.156000
-74.816,2013-10-03 17:44:36.281000
-78.615,2013-10-03 17:44:36.421000
-78.381,2013-10-03 17:44:36.546000
-79.336,2013-10-03 17:44:36.718000
-78.879,2013-10-03 17:44:36.859000
-78.544,2013-10-03 17:44:36.984000
-80.958,2013-10-03 17:44:37.125000
-77.599,2013-10-03 17:44:37.250000
-81.148,2013-10-03 17:44:37.390000
-79.43,2013-10-03 17:44:37.515000
-79.502,2013-10-03 17:44:37.656000
-73.171,2013-10-03 17:44:37.812000
-75.075,2013-10-03 17:44:37.953000
-74.811,2013-10-03 17:44:38.093000
-79.807,2013-10-03 17:44:38.218000
-73.502,2013-10-03 17:44:38.343000
-79.148,2013-10-03 17:44:38.484000
-78.491,2013-10-03 17:44:38.609000
-79.936,2013-10-03 17:44:38.750000
-79.159,2013-10-03 17:44:38.906000
-74.847,2013-10-03 17:44:39.046000
-74.533,2013-10-03 17:44:39.187000
-73.474,2013-10-03 17:44:39.312000
-79.506,2013-10-03 17:44:39.453000
-79.567,2013-10-03 17:44:39.578000
-79.045,2013-10-03 17:44:39.703000
-72.989,2013-10-03 17:44:39.843000
-74.888,2013-10-03 17:44:40
-79.471,2013-10-03 17:44:40.140000
-79.014,2013-10-03 17:44:40.281000
-80.872,2013-10-03 17:44:40.406000
-74.416,2013-10-03 17:44:40.546000
-74.787,2013-10-03 17:44:40.671000
-79.924,2013-10-03 17:44:40.812000
-72.918,2013-10-03 17:44:40.937000
-80.32,2013-10-03 17:44:41.109000
-80.603,2013-10-03 17:44:41.250000
-79.475,2013-10-03 17:44:41.375000
-79.534,2013-10-03 17:44:41.500000
-79.684,2013-10-03 17:44:41.640000
-72.34,2013-10-03 17:44:41.765000
-71.938,2013-10-03 17:44:41.906000
-72.955,2013-10-03 17:44:42.046000
-77.672,2013-10-03 17:44:42.234000
-77.665,2013-10-03 17:44:42.375000
-75.129,2013-10-03 17:44:42.500000
-76.493,2013-10-03 17:44:42.625000
-72.629,2013-10-03 17:44:42.765000
-80.319,2013-10-03 17:44:42.890000
-78.343,2013-10-03 17:44:43.031000
-80.257,2013-10-03 17:44:43.265000
-78.712,2013-10-03 17:44:43.421000
-74.283,2013-10-03 17:44:43.546000
-74.244,2013-10-03 17:44:43.671000
-80.248,2013-10-03 17:44:43.812000
-76.025,2013-10-03 17:44:43.968000
-77.253,2013-10-03 17:44:44.140000
-74.576,2013-10-03 17:44:44.328000
-75.723,2013-10-03 17:44:44.468000
-76.653,2013-10-03 17:44:44.609000
-75.84,2013-10-03 17:44:44.734000
-74.949,2013-10-03 17:44:44.875000
-76.255,2013-10-03 17:44:45
-81.367,2013-10-03 17:44:45.125000
-75.312,2013-10-03 17:44:45.296000
-74.745,2013-10-03 17:44:45.437000
-73.736,2013-10-03 17:44:45.578000
-75.907,2013-10-03 17:44:45.703000
-79.213,2013-10-03 17:44:45.828000
-74.221,2013-10-03 17:44:45.968000
-75.301,2013-10-03 17:44:46.093000
-75.154,2013-10-03 17:44:46.234000
-79.816,2013-10-03 17:44:46.390000
-75.688,2013-10-03 17:44:46.546000
-75.631,2013-10-03 17:44:46.671000
-77.808,2013-10-03 17:44:46.812000
-72.951,2013-10-03 17:44:46.937000
-80.153,2013-10-03 17:44:47.062000
-75.303,2013-10-03 17:44:47.203000
-57.896,2013-10-03 17:44:47.328000
-79.494,2013-10-03 17:44:47.500000
-75.258,2013-10-03 17:44:47.640000
-74.909,2013-10-03 17:44:47.765000
-73.981,2013-10-03 17:44:47.906000
-74.671,2013-10-03 17:44:48.031000
-79.665,2013-10-03 17:44:48.171000
-76.98,2013-10-03 17:44:48.296000
-80.534,2013-10-03 17:44:48.421000
-80.006,2013-10-03 17:44:48.593000
-80.304,2013-10-03 17:44:48.734000
-79.976,2013-10-03 17:44:48.859000
-73.823,2013-10-03 17:44:49
-74.902,2013-10-03 17:44:49.125000
-77.001,2013-10-03 17:44:49.265000
-79.281,2013-10-03 17:44:49.390000
-76.226,2013-10-03 17:44:49.531000
-78.446,2013-10-03 17:44:49.687000
-74.406,2013-10-03 17:44:49.828000
-80.062,2013-10-03 17:44:49.968000
-74.934,2013-10-03 17:44:50.093000
-75.815,2013-10-03 17:44:50.218000
-80.153,2013-10-03 17:44:50.359000
-76.295,2013-10-03 17:44:50.484000
-77.506,2013-10-03 17:44:50.625000
-75.122,2013-10-03 17:44:50.796000
-77.466,2013-10-03 17:44:50.937000
-74.484,2013-10-03 17:44:51.062000
-75.664,2013-10-03 17:44:51.203000
-79.598,2013-10-03 17:44:51.328000
-80.249,2013-10-03 17:44:51.453000
-80.686,2013-10-03 17:44:51.593000
-80.665,2013-10-03 17:44:51.718000
-73.731,2013-10-03 17:44:51.890000
-80.667,2013-10-03 17:44:52.031000
-80.554,2013-10-03 17:44:52.156000
-73.694,2013-10-03 17:44:52.296000
-80.224,2013-10-03 17:44:52.421000
-81.091,2013-10-03 17:44:52.562000
-76.12,2013-10-03 17:44:52.687000
-75.416,2013-10-03 17:44:52.812000
-74.601,2013-10-03 17:44:52.984000
-79.862,2013-10-03 17:44:53.125000
-74.331,2013-10-03 17:44:53.265000
-79.744,2013-10-03 17:44:53.390000
-73.154,2013-10-03 17:44:53.515000
-73.846,2013-10-03 17:44:53.656000
-80.297,2013-10-03 17:44:53.781000
-74.235,2013-10-03 17:44:53.921000
-81.379,2013-10-03 17:44:54.078000
-73.948,2013-10-03 17:44:54.218000
-75.108,2013-10-03 17:44:54.359000
-75.175,2013-10-03 17:44:54.484000
-74.412,2013-10-03 17:44:54.625000
-55.934,2013-10-03 17:44:54.750000
-77.91,2013-10-03 17:44:54.875000
-79.365,2013-10-03 17:44:55.015000
-73.517,2013-10-03 17:44:55.171000
-77.776,2013-10-03 17:44:55.312000
-79.016,2013-10-03 17:44:55.531000
-80.435,2013-10-03 17:44:55.656000
-72.517,2013-10-03 17:44:55.796000
-72.333,2013-10-03 17:44:55.921000
-72.575,2013-10-03 17:44:56.046000
-74.246,2013-10-03 17:44:56.218000
-79.386,2013-10-03 17:44:56.359000
-79.45,2013-10-03 17:44:56.500000
-73.479,2013-10-03 17:44:56.625000
-75.096,2013-10-03 17:44:56.765000
-74.398,2013-10-03 17:44:56.890000
-74.376,2013-10-03 17:44:57.015000
-79.06,2013-10-03 17:44:57.156000
-73.515,2013-10-03 17:44:57.359000
-81.267,2013-10-03 17:44:57.500000
-79.739,2013-10-03 17:44:57.625000
-79.655,2013-10-03 17:44:57.750000
-74.327,2013-10-03 17:44:57.890000
-79.225,2013-10-03 17:44:58.015000
-79.977,2013-10-03 17:44:58.156000
-76.386,2013-10-03 17:44:58.312000
-76.543,2013-10-03 17:44:58.453000
-74.754,2013-10-03 17:44:58.593000
-75.212,2013-10-03 17:44:58.718000
-74.438,2013-10-03 17:44:58.859000
-74.191,2013-10-03 17:44:58.984000
-76.855,2013-10-03 17:44:59.109000
-77.842,2013-10-03 17:44:59.250000
-75.977,2013-10-03 17:44:59.421000
-74.472,2013-10-03 17:44:59.562000
-74.8,2013-10-03 17:44:59.687000
-76.78,2013-10-03 17:44:59.812000
-75.192,2013-10-03 17:44:59.953000
-78.582,2013-10-03 17:45:00.078000
-80.009,2013-10-03 17:45:00.218000
-74.909,2013-10-03 17:45:00.343000
-75.14,2013-10-03 17:45:00.515000
-79.27,2013-10-03 17:45:00.656000
-80.349,2013-10-03 17:45:00.781000
-73.583,2013-10-03 17:45:00.921000
-75.96,2013-10-03 17:45:01.046000
-76.48,2013-10-03 17:45:01.187000
-74.656,2013-10-03 17:45:01.312000
-75.253,2013-10-03 17:45:01.453000
-74.913,2013-10-03 17:45:01.609000
-76.072,2013-10-03 17:45:01.750000
-78.569,2013-10-03 17:45:01.890000
-79.128,2013-10-03 17:45:02.015000
-75.178,2013-10-03 17:45:02.140000
-80.841,2013-10-03 17:45:02.281000
-79.858,2013-10-03 17:45:02.406000
-78.273,2013-10-03 17:45:02.546000
-75.271,2013-10-03 17:45:02.703000
-74.528,2013-10-03 17:45:02.843000
-75.456,2013-10-03 17:45:02.984000
-78.257,2013-10-03 17:45:03.109000
-75.171,2013-10-03 17:45:03.250000
-76.042,2013-10-03 17:45:03.375000
-73.313,2013-10-03 17:45:03.515000
-72.827,2013-10-03 17:45:03.640000
-73.281,2013-10-03 17:45:03.812000
-73.266,2013-10-03 17:45:03.953000
-72.736,2013-10-03 17:45:04.078000
-74.945,2013-10-03 17:45:04.218000
-76.098,2013-10-03 17:45:04.343000
-75.999,2013-10-03 17:45:04.484000
-78.468,2013-10-03 17:45:04.609000
-80.286,2013-10-03 17:45:04.734000
-76.499,2013-10-03 17:45:04.906000
-74.255,2013-10-03 17:45:05.046000
-76.049,2013-10-03 17:45:05.187000
-74.91,2013-10-03 17:45:05.312000
-75.657,2013-10-03 17:45:05.437000
-78.611,2013-10-03 17:45:05.578000
-79.322,2013-10-03 17:45:05.703000
-79.702,2013-10-03 17:45:05.828000
-78.83,2013-10-03 17:45:06
-80.104,2013-10-03 17:45:06.140000
-79.581,2013-10-03 17:45:06.281000
-80.07,2013-10-03 17:45:06.406000
-81.412,2013-10-03 17:45:06.546000
-79.309,2013-10-03 17:45:06.671000
-73.249,2013-10-03 17:45:06.796000
-79.363,2013-10-03 17:45:06.937000
-75.099,2013-10-03 17:45:07.093000
-74.699,2013-10-03 17:45:07.234000
-74.585,2013-10-03 17:45:07.375000
-74.505,2013-10-03 17:45:07.500000
-79.388,2013-10-03 17:45:07.640000
-77.955,2013-10-03 17:45:07.765000
-74.421,2013-10-03 17:45:07.906000
-79.594,2013-10-03 17:45:08.031000
-74.783,2013-10-03 17:45:08.203000
-75.097,2013-10-03 17:45:08.343000
-76.466,2013-10-03 17:45:08.437000
-76.959,2013-10-03 17:45:08.609000
-76.581,2013-10-03 17:45:08.750000
-78.66,2013-10-03 17:45:08.875000
-76.157,2013-10-03 17:45:09.015000
-74.903,2013-10-03 17:45:09.140000
-77.515,2013-10-03 17:45:09.312000
-75.631,2013-10-03 17:45:09.453000
-75.984,2013-10-03 17:45:09.578000
-74.811,2013-10-03 17:45:09.718000
-74.996,2013-10-03 17:45:09.843000
-74.621,2013-10-03 17:45:09.984000
-79.834,2013-10-03 17:45:10.109000
-75.875,2013-10-03 17:45:10.234000
-80.346,2013-10-03 17:45:10.406000
-74.871,2013-10-03 17:45:10.562000
-81.648,2013-10-03 17:45:10.687000
-66.131,2013-10-03 17:45:10.828000
-78.77,2013-10-03 17:45:10.953000
-80.033,2013-10-03 17:45:11.078000
-75.983,2013-10-03 17:45:11.218000
-78.06,2013-10-03 17:45:11.343000
-79.053,2013-10-03 17:45:11.515000
-76.269,2013-10-03 17:45:11.656000
-74.908,2013-10-03 17:45:11.781000
-75.409,2013-10-03 17:45:11.921000
-76.472,2013-10-03 17:45:12.062000
-75.248,2013-10-03 17:45:12.187000
-75.396,2013-10-03 17:45:12.328000
-73.886,2013-10-03 17:45:12.500000
-80.382,2013-10-03 17:45:12.640000
-79.008,2013-10-03 17:45:12.781000
-79.008,2013-10-03 17:45:12.921000
-79.295,2013-10-03 17:45:13.062000
-75.714,2013-10-03 17:45:13.203000
-75.215,2013-10-03 17:45:13.343000
-76.643,2013-10-03 17:45:13.468000
-78.459,2013-10-03 17:45:13.593000
-76.59,2013-10-03 17:45:13.781000
-80.559,2013-10-03 17:45:13.906000
-80.402,2013-10-03 17:45:14.046000
-46.733,2013-10-03 17:45:14.171000
-77.797,2013-10-03 17:45:14.296000
-76.122,2013-10-03 17:45:14.437000
-76.612,2013-10-03 17:45:14.609000
-78.877,2013-10-03 17:45:14.734000
-80.748,2013-10-03 17:45:14.875000
-78.142,2013-10-03 17:45:15
-73.783,2013-10-03 17:45:15.140000
-79.834,2013-10-03 17:45:15.265000
-81.874,2013-10-03 17:45:15.406000
-74.762,2013-10-03 17:45:15.531000
-79.92,2013-10-03 17:45:15.703000
-75.167,2013-10-03 17:45:15.843000
-74.045,2013-10-03 17:45:15.968000
-75.737,2013-10-03 17:45:16.109000
-73.518,2013-10-03 17:45:16.234000
-80.023,2013-10-03 17:45:16.375000
-74.212,2013-10-03 17:45:16.500000
-73.861,2013-10-03 17:45:16.640000
-74.478,2013-10-03 17:45:16.796000
-73.81,2013-10-03 17:45:16.937000
-74.727,2013-10-03 17:45:17.078000
-73.662,2013-10-03 17:45:17.203000
-78.638,2013-10-03 17:45:17.343000
-74.803,2013-10-03 17:45:17.468000
-78.558,2013-10-03 17:45:17.593000
-73.651,2013-10-03 17:45:17.734000
-77.464,2013-10-03 17:45:17.890000
-74.015,2013-10-03 17:45:18.031000
-76.214,2013-10-03 17:45:18.171000
-76.866,2013-10-03 17:45:18.296000
-80.405,2013-10-03 17:45:18.437000
-72.564,2013-10-03 17:45:18.562000
-78.309,2013-10-03 17:45:18.687000
-73.12,2013-10-03 17:45:18.828000
-75.272,2013-10-03 17:45:18.984000
-75.456,2013-10-03 17:45:19.125000
-76.327,2013-10-03 17:45:19.265000
-80.866,2013-10-03 17:45:19.390000
-76.169,2013-10-03 17:45:19.531000
-79.69,2013-10-03 17:45:19.656000
-77.35,2013-10-03 17:45:19.796000
-77.407,2013-10-03 17:45:19.921000
-79.302,2013-10-03 17:45:20.078000
-79.344,2013-10-03 17:45:20.218000
-80.09,2013-10-03 17:45:20.359000
-74.585,2013-10-03 17:45:20.484000
-81.523,2013-10-03 17:45:20.625000
-74.85,2013-10-03 17:45:20.750000
-74.908,2013-10-03 17:45:20.890000
-74.244,2013-10-03 17:45:21.015000
-77.984,2013-10-03 17:45:21.187000
-75.73,2013-10-03 17:45:21.328000
-79.187,2013-10-03 17:45:21.453000
-74.881,2013-10-03 17:45:21.593000
-78.168,2013-10-03 17:45:21.718000
-80.409,2013-10-03 17:45:21.843000
-77.03,2013-10-03 17:45:21.984000
-74.818,2013-10-03 17:45:22.109000
-77.66,2013-10-03 17:45:22.281000
-78.874,2013-10-03 17:45:22.421000
-79.992,2013-10-03 17:45:22.562000
-74.749,2013-10-03 17:45:22.687000
-78.952,2013-10-03 17:45:22.812000
-80.21,2013-10-03 17:45:22.953000
-77.166,2013-10-03 17:45:23.078000
-76.132,2013-10-03 17:45:23.218000
-75.602,2013-10-03 17:45:23.390000
-75.675,2013-10-03 17:45:23.531000
-75.442,2013-10-03 17:45:23.656000
-75.845,2013-10-03 17:45:23.796000
-78.628,2013-10-03 17:45:23.921000
-76.48,2013-10-03 17:45:24.046000
-77.188,2013-10-03 17:45:24.187000
-75.206,2013-10-03 17:45:24.312000
-74.954,2013-10-03 17:45:24.484000
-80.584,2013-10-03 17:45:24.625000
-80.057,2013-10-03 17:45:24.750000
-76.973,2013-10-03 17:45:24.890000
-74.4,2013-10-03 17:45:25.015000
-79.135,2013-10-03 17:45:25.156000
-73.838,2013-10-03 17:45:25.281000
-78.579,2013-10-03 17:45:25.421000
-75.829,2013-10-03 17:45:25.578000
-76.194,2013-10-03 17:45:25.718000
-75.499,2013-10-03 17:45:25.859000
-79.351,2013-10-03 17:45:25.984000
-79.854,2013-10-03 17:45:26.125000
-78.898,2013-10-03 17:45:26.250000
-81.218,2013-10-03 17:45:26.375000
-76.766,2013-10-03 17:45:26.515000
-75.769,2013-10-03 17:45:26.687000
-80.71,2013-10-03 17:45:26.812000
-76.685,2013-10-03 17:45:26.953000
-75.264,2013-10-03 17:45:27.078000
-77.867,2013-10-03 17:45:27.218000
-79.444,2013-10-03 17:45:27.343000
-74.591,2013-10-03 17:45:27.484000
-78.913,2013-10-03 17:45:27.609000
-74.308,2013-10-03 17:45:27.781000
-78.298,2013-10-03 17:45:27.921000
-80.503,2013-10-03 17:45:28.078000
-74.665,2013-10-03 17:45:28.218000
-75.247,2013-10-03 17:45:28.343000
-73.47,2013-10-03 17:45:28.468000
-79.931,2013-10-03 17:45:28.609000
-75.922,2013-10-03 17:45:28.781000
-79.095,2013-10-03 17:45:28.921000
-75.569,2013-10-03 17:45:29
-75.137,2013-10-03 17:45:29.187000
-75.919,2013-10-03 17:45:29.312000
-80.525,2013-10-03 17:45:29.453000
-80.024,2013-10-03 17:45:29.578000
-79.284,2013-10-03 17:45:29.718000
-78.588,2013-10-03 17:45:29.875000
-76.314,2013-10-03 17:45:30.015000
-67.517,2013-10-03 17:45:30.156000
-79.293,2013-10-03 17:45:30.281000
-79.626,2013-10-03 17:45:30.421000
-80.126,2013-10-03 17:45:30.546000
-78.139,2013-10-03 17:45:30.671000
-81.033,2013-10-03 17:45:30.812000
-73.946,2013-10-03 17:45:30.968000
-79.957,2013-10-03 17:45:31.109000
-74.792,2013-10-03 17:45:31.250000
-79.714,2013-10-03 17:45:31.375000
-79.893,2013-10-03 17:45:31.515000
-79.27,2013-10-03 17:45:31.640000
-76.836,2013-10-03 17:45:31.765000
-74.132,2013-10-03 17:45:31.906000
-74.129,2013-10-03 17:45:32.062000
-81.033,2013-10-03 17:45:32.218000
-80.012,2013-10-03 17:45:32.343000
-79.928,2013-10-03 17:45:32.468000
-76.529,2013-10-03 17:45:32.609000
-72.468,2013-10-03 17:45:32.734000
-80.887,2013-10-03 17:45:32.875000
-73.059,2013-10-03 17:45:33
-75.521,2013-10-03 17:45:33.171000
-78.233,2013-10-03 17:45:33.312000
-79.37,2013-10-03 17:45:33.437000
-74.855,2013-10-03 17:45:33.578000
-79.995,2013-10-03 17:45:33.703000
-75.298,2013-10-03 17:45:33.843000
-79.442,2013-10-03 17:45:33.968000
-74.93,2013-10-03 17:45:34.140000
-73.807,2013-10-03 17:45:34.281000
-78.23,2013-10-03 17:45:34.406000
-74.087,2013-10-03 17:45:34.546000
-80.007,2013-10-03 17:45:34.671000
-79.128,2013-10-03 17:45:34.796000
-54.167,2013-10-03 17:45:34.937000
-74.38,2013-10-03 17:45:35.062000
-74.61,2013-10-03 17:45:35.234000
-76.5,2013-10-03 17:45:35.375000
-74.498,2013-10-03 17:45:35.500000
-76.331,2013-10-03 17:45:35.640000
-74.663,2013-10-03 17:45:35.765000
-76.452,2013-10-03 17:45:35.906000
-75.196,2013-10-03 17:45:36.031000
-75.735,2013-10-03 17:45:36.171000
-73.437,2013-10-03 17:45:36.328000
-80.164,2013-10-03 17:45:36.468000
-80.393,2013-10-03 17:45:36.609000
-80.375,2013-10-03 17:45:36.734000
-75.658,2013-10-03 17:45:36.875000
-80.494,2013-10-03 17:45:37
-73.818,2013-10-03 17:45:37.125000
-80.676,2013-10-03 17:45:37.265000
-79.475,2013-10-03 17:45:37.421000
-73.872,2013-10-03 17:45:37.562000
-79.988,2013-10-03 17:45:37.703000
-75.331,2013-10-03 17:45:37.828000
-74.933,2013-10-03 17:45:37.968000
-79.977,2013-10-03 17:45:38.093000
-79.621,2013-10-03 17:45:38.234000
-80.394,2013-10-03 17:45:38.359000
-73.353,2013-10-03 17:45:38.531000
-74.37,2013-10-03 17:45:38.671000
-73.763,2013-10-03 17:45:38.796000
-74.254,2013-10-03 17:45:38.937000
-74.718,2013-10-03 17:45:39.062000
-80.623,2013-10-03 17:45:39.203000
-79.164,2013-10-03 17:45:39.328000
-80.405,2013-10-03 17:45:39.453000
-80.968,2013-10-03 17:45:39.625000
-81.509,2013-10-03 17:45:39.765000
-80.861,2013-10-03 17:45:39.890000
-76.149,2013-10-03 17:45:40.031000
-79.86,2013-10-03 17:45:40.156000
-76.392,2013-10-03 17:45:40.296000
-74.182,2013-10-03 17:45:40.421000
-76.432,2013-10-03 17:45:40.562000
-78.404,2013-10-03 17:45:40.718000
-75.306,2013-10-03 17:45:40.859000
-80.621,2013-10-03 17:45:41
-74.755,2013-10-03 17:45:41.125000
-74.657,2013-10-03 17:45:41.250000
-72.968,2013-10-03 17:45:41.390000
-75.103,2013-10-03 17:45:41.515000
-76.89,2013-10-03 17:45:41.656000
-74.136,2013-10-03 17:45:41.812000
-80.029,2013-10-03 17:45:41.953000
-74.046,2013-10-03 17:45:42.093000
-77.67,2013-10-03 17:45:42.218000
-79.296,2013-10-03 17:45:42.359000
-75.303,2013-10-03 17:45:42.484000
-79.951,2013-10-03 17:45:42.609000
-80.651,2013-10-03 17:45:42.750000
-74.965,2013-10-03 17:45:42.921000
-76.523,2013-10-03 17:45:43.046000
-79.64,2013-10-03 17:45:43.203000
-80.985,2013-10-03 17:45:43.343000
-77.304,2013-10-03 17:45:43.484000
-76.3,2013-10-03 17:45:43.609000
-78.203,2013-10-03 17:45:43.750000
-77.482,2013-10-03 17:45:43.875000
-74.285,2013-10-03 17:45:44.046000
-77.099,2013-10-03 17:45:44.187000
-80.591,2013-10-03 17:45:44.312000
-76.994,2013-10-03 17:45:44.453000
-78.438,2013-10-03 17:45:44.578000
-75.267,2013-10-03 17:45:44.718000
-74.88,2013-10-03 17:45:44.843000
-80.459,2013-10-03 17:45:45.015000
-78.272,2013-10-03 17:45:45.156000
-78.159,2013-10-03 17:45:45.281000
-80.523,2013-10-03 17:45:45.406000
-78.213,2013-10-03 17:45:45.546000
-78.865,2013-10-03 17:45:45.671000
-77.957,2013-10-03 17:45:45.812000
-75.531,2013-10-03 17:45:45.937000
-75.89,2013-10-03 17:45:46.109000
-76.785,2013-10-03 17:45:46.250000
-75.091,2013-10-03 17:45:46.375000
-74.054,2013-10-03 17:45:46.515000
-81.05,2013-10-03 17:45:46.640000
-73.406,2013-10-03 17:45:46.781000
-73.41,2013-10-03 17:45:46.906000
-75.696,2013-10-03 17:45:47.031000
-74.727,2013-10-03 17:45:47.156000
-75.758,2013-10-03 17:45:47.343000
-79.761,2013-10-03 17:45:47.468000
-73.94,2013-10-03 17:45:47.609000
-74.866,2013-10-03 17:45:47.734000
-79.229,2013-10-03 17:45:47.875000
-77.605,2013-10-03 17:45:48
-73.749,2013-10-03 17:45:48.250000
-80.91,2013-10-03 17:45:48.390000
-73.555,2013-10-03 17:45:48.515000
-74.271,2013-10-03 17:45:48.656000
-81.625,2013-10-03 17:45:48.781000
-74.821,2013-10-03 17:45:48.921000
-78.72,2013-10-03 17:45:49.046000
-78.022,2013-10-03 17:45:49.218000
-79.992,2013-10-03 17:45:49.359000
-74.32,2013-10-03 17:45:49.484000
-75.376,2013-10-03 17:45:49.625000
-79.706,2013-10-03 17:45:49.750000
-79.599,2013-10-03 17:45:49.890000
-74.646,2013-10-03 17:45:50.015000
-74.459,2013-10-03 17:45:50.156000
-82.272,2013-10-03 17:45:50.312000
-74.668,2013-10-03 17:45:50.453000
-80.784,2013-10-03 17:45:50.593000
-81.088,2013-10-03 17:45:50.718000
-80.352,2013-10-03 17:45:50.859000
-74.85,2013-10-03 17:45:50.984000
-77.386,2013-10-03 17:45:51.125000
-73.548,2013-10-03 17:45:51.250000
-79.363,2013-10-03 17:45:51.421000
-77.211,2013-10-03 17:45:51.562000
-81.908,2013-10-03 17:45:51.687000
-73.574,2013-10-03 17:45:51.828000
-80.4,2013-10-03 17:45:51.953000
-74.549,2013-10-03 17:45:52.093000
-74.622,2013-10-03 17:45:52.218000
-77.005,2013-10-03 17:45:52.390000
-73.958,2013-10-03 17:45:52.531000
-74.934,2013-10-03 17:45:52.656000
-80.116,2013-10-03 17:45:52.796000
-73.671,2013-10-03 17:45:52.921000
-78.371,2013-10-03 17:45:53.062000
-78.488,2013-10-03 17:45:53.187000
-79.871,2013-10-03 17:45:53.328000
-74.4,2013-10-03 17:45:53.484000
-78.035,2013-10-03 17:45:53.625000
-80.487,2013-10-03 17:45:53.765000
-72.864,2013-10-03 17:45:53.890000
-76.179,2013-10-03 17:45:54.031000
-74.09,2013-10-03 17:45:54.156000
-78.955,2013-10-03 17:45:54.296000
-79.875,2013-10-03 17:45:54.421000
-73.437,2013-10-03 17:45:54.593000
-72.934,2013-10-03 17:45:54.734000
-80.191,2013-10-03 17:45:54.859000
-75.659,2013-10-03 17:45:55
-79.095,2013-10-03 17:45:55.125000
-74.695,2013-10-03 17:45:55.265000
-79.727,2013-10-03 17:45:55.390000
-80.138,2013-10-03 17:45:55.562000
-73.109,2013-10-03 17:45:55.703000
-80.084,2013-10-03 17:45:55.828000
-78.057,2013-10-03 17:45:55.968000
-75.599,2013-10-03 17:45:56.093000
-78.793,2013-10-03 17:45:56.234000
-75.032,2013-10-03 17:45:56.359000
-79.946,2013-10-03 17:45:56.500000
-76.375,2013-10-03 17:45:56.656000
-74.262,2013-10-03 17:45:56.796000
-79.148,2013-10-03 17:45:56.937000
-79.42,2013-10-03 17:45:57.062000
-80.52,2013-10-03 17:45:57.187000
-55.053,2013-10-03 17:45:57.328000
-74.659,2013-10-03 17:45:57.453000
-79.917,2013-10-03 17:45:57.593000
-77.719,2013-10-03 17:45:57.750000
-75.054,2013-10-03 17:45:57.890000
-78.919,2013-10-03 17:45:58.031000
-74.508,2013-10-03 17:45:58.156000
-73.16,2013-10-03 17:45:58.296000
-73.207,2013-10-03 17:45:58.437000
-74.035,2013-10-03 17:45:58.578000
-76.397,2013-10-03 17:45:58.718000
-80.575,2013-10-03 17:45:58.875000
-76.744,2013-10-03 17:45:59.015000
-73.75,2013-10-03 17:45:59.156000
-78.606,2013-10-03 17:45:59.281000
-81.721,2013-10-03 17:45:59.421000
-75.611,2013-10-03 17:45:59.546000
-76.408,2013-10-03 17:45:59.687000
-81.339,2013-10-03 17:45:59.843000
-80.009,2013-10-03 17:45:59.984000
-73.82,2013-10-03 17:46:00.125000
-75.713,2013-10-03 17:46:00.250000
-77.253,2013-10-03 17:46:00.390000
-79.22,2013-10-03 17:46:00.515000
-79.373,2013-10-03 17:46:00.640000
-75.98,2013-10-03 17:46:00.781000
-74.075,2013-10-03 17:46:00.937000
-76.073,2013-10-03 17:46:01.078000
-74.659,2013-10-03 17:46:01.218000
-80.385,2013-10-03 17:46:01.343000
-75.228,2013-10-03 17:46:01.484000
-75.518,2013-10-03 17:46:01.609000
-76.436,2013-10-03 17:46:01.734000
-77.701,2013-10-03 17:46:01.875000
-80.18,2013-10-03 17:46:02.031000
-78.619,2013-10-03 17:46:02.171000
-80.42,2013-10-03 17:46:02.312000
-73.853,2013-10-03 17:46:02.437000
-75.467,2013-10-03 17:46:02.578000
-79.914,2013-10-03 17:46:02.703000
-74.577,2013-10-03 17:46:02.843000
-73.239,2013-10-03 17:46:02.968000
-73.925,2013-10-03 17:46:03.140000
-74.042,2013-10-03 17:46:03.265000
-80.282,2013-10-03 17:46:03.406000
-78.582,2013-10-03 17:46:03.531000
-75.296,2013-10-03 17:46:03.671000
-79.908,2013-10-03 17:46:03.796000
-76.27,2013-10-03 17:46:03.937000
-79.018,2013-10-03 17:46:04.093000
-80.87,2013-10-03 17:46:04.234000
-79.592,2013-10-03 17:46:04.375000
-80.703,2013-10-03 17:46:04.500000
-78.568,2013-10-03 17:46:04.640000
-75.963,2013-10-03 17:46:04.765000
-72.992,2013-10-03 17:46:04.906000
-79.482,2013-10-03 17:46:05.031000
-75.033,2013-10-03 17:46:05.203000
-73.189,2013-10-03 17:46:05.343000
-79.66,2013-10-03 17:46:05.468000
-73.05,2013-10-03 17:46:05.609000
-73.262,2013-10-03 17:46:05.734000
-79.94,2013-10-03 17:46:05.859000
-79.638,2013-10-03 17:46:06
-74.005,2013-10-03 17:46:06.125000
-74.878,2013-10-03 17:46:06.250000
-80.203,2013-10-03 17:46:06.437000
-82.165,2013-10-03 17:46:06.562000
-80.587,2013-10-03 17:46:06.703000
-76.796,2013-10-03 17:46:06.828000
-78.87,2013-10-03 17:46:06.968000
-79.266,2013-10-03 17:46:07.093000
-79.098,2013-10-03 17:46:07.265000
-79.439,2013-10-03 17:46:07.406000
-76.875,2013-10-03 17:46:07.531000
-77.449,2013-10-03 17:46:07.671000
-79.455,2013-10-03 17:46:07.796000
-79.635,2013-10-03 17:46:07.937000
-77.969,2013-10-03 17:46:08.062000
-77.281,2013-10-03 17:46:08.203000
-77.074,2013-10-03 17:46:08.375000
-77.572,2013-10-03 17:46:08.500000
-78.545,2013-10-03 17:46:08.640000
-80.615,2013-10-03 17:46:08.765000
-76.392,2013-10-03 17:46:08.906000
-80.785,2013-10-03 17:46:09.031000
-78.444,2013-10-03 17:46:09.171000
-78.624,2013-10-03 17:46:09.296000
-79.635,2013-10-03 17:46:09.468000
-80.547,2013-10-03 17:46:09.609000
-75.969,2013-10-03 17:46:09.734000
-75.535,2013-10-03 17:46:09.875000
-79.178,2013-10-03 17:46:10
-75.996,2013-10-03 17:46:10.140000
-75.994,2013-10-03 17:46:10.265000
-79.737,2013-10-03 17:46:10.437000
-78.35,2013-10-03 17:46:10.578000
-77.003,2013-10-03 17:46:10.703000
-77.579,2013-10-03 17:46:10.828000
-76.402,2013-10-03 17:46:10.968000
-76.33,2013-10-03 17:46:11.109000
-76.235,2013-10-03 17:46:11.234000
-78.278,2013-10-03 17:46:11.375000
-79.531,2013-10-03 17:46:11.531000
-70.092,2013-10-03 17:46:11.671000
-79.793,2013-10-03 17:46:11.796000
-79.381,2013-10-03 17:46:11.937000
-80.84,2013-10-03 17:46:12.078000
-79.387,2013-10-03 17:46:12.203000
-77.635,2013-10-03 17:46:12.343000
-80.257,2013-10-03 17:46:12.484000
-79.672,2013-10-03 17:46:12.640000
-78.421,2013-10-03 17:46:12.781000
-80.375,2013-10-03 17:46:12.921000
-76.487,2013-10-03 17:46:13.015000
-74.783,2013-10-03 17:46:13.187000
-79.897,2013-10-03 17:46:13.312000
-74.577,2013-10-03 17:46:13.453000
-77.559,2013-10-03 17:46:13.625000
-73.852,2013-10-03 17:46:13.781000
-74.792,2013-10-03 17:46:13.921000
-78.947,2013-10-03 17:46:14.046000
-76.974,2013-10-03 17:46:14.187000
-75.326,2013-10-03 17:46:14.312000
-74.72,2013-10-03 17:46:14.453000
-75.367,2013-10-03 17:46:14.578000
-73.595,2013-10-03 17:46:14.750000
-78.158,2013-10-03 17:46:14.890000
-79.227,2013-10-03 17:46:15.015000
-73.809,2013-10-03 17:46:15.156000
-80.524,2013-10-03 17:46:15.296000
-75.156,2013-10-03 17:46:15.421000
-75.389,2013-10-03 17:46:15.546000
-74.577,2013-10-03 17:46:15.718000
-80.618,2013-10-03 17:46:15.859000
-74.417,2013-10-03 17:46:16
-75.18,2013-10-03 17:46:16.125000
-81.338,2013-10-03 17:46:16.265000
-79.876,2013-10-03 17:46:16.390000
-73.415,2013-10-03 17:46:16.531000
-74.672,2013-10-03 17:46:16.656000
-74.801,2013-10-03 17:46:16.828000
-78.223,2013-10-03 17:46:16.968000
-75.902,2013-10-03 17:46:17.093000
-76.123,2013-10-03 17:46:17.234000
-76.569,2013-10-03 17:46:17.359000
-76.725,2013-10-03 17:46:17.500000
-74.89,2013-10-03 17:46:17.625000
-77.298,2013-10-03 17:46:17.750000
-80.764,2013-10-03 17:46:17.921000
-74.492,2013-10-03 17:46:18.062000
-75.267,2013-10-03 17:46:18.187000
-73.225,2013-10-03 17:46:18.328000
-78.088,2013-10-03 17:46:18.453000
-73.965,2013-10-03 17:46:18.593000
-74.856,2013-10-03 17:46:18.718000
-74.202,2013-10-03 17:46:18.890000
-72.648,2013-10-03 17:46:19.031000
-71.82,2013-10-03 17:46:19.156000
-74.516,2013-10-03 17:46:19.296000
-75.337,2013-10-03 17:46:19.421000
-74.392,2013-10-03 17:46:19.546000
-74.617,2013-10-03 17:46:19.687000
-72.809,2013-10-03 17:46:19.812000
-73.325,2013-10-03 17:46:19.984000
-72.908,2013-10-03 17:46:20.125000
-78.908,2013-10-03 17:46:20.250000
-79.272,2013-10-03 17:46:20.390000
-74.045,2013-10-03 17:46:20.531000
-73.108,2013-10-03 17:46:20.656000
-74.737,2013-10-03 17:46:20.796000
-75.676,2013-10-03 17:46:20.921000
-74.931,2013-10-03 17:46:21.093000
-79.648,2013-10-03 17:46:21.234000
-75.106,2013-10-03 17:46:21.375000
-75.446,2013-10-03 17:46:21.500000
-77.744,2013-10-03 17:46:21.625000
-74.831,2013-10-03 17:46:21.765000
-79.397,2013-10-03 17:46:21.890000
-76.478,2013-10-03 17:46:22.062000
-80.567,2013-10-03 17:46:22.203000
-80.468,2013-10-03 17:46:22.328000
-73.929,2013-10-03 17:46:22.468000
-73.614,2013-10-03 17:46:22.593000
-75.208,2013-10-03 17:46:22.734000
-79.723,2013-10-03 17:46:22.859000
-75.277,2013-10-03 17:46:23
-78.302,2013-10-03 17:46:23.171000
-77.864,2013-10-03 17:46:23.296000
-75.052,2013-10-03 17:46:23.437000
-75.927,2013-10-03 17:46:23.562000
-72.507,2013-10-03 17:46:23.703000
-77.206,2013-10-03 17:46:23.828000
-72.641,2013-10-03 17:46:23.953000
-79.177,2013-10-03 17:46:24.093000
-73.394,2013-10-03 17:46:24.265000
-80.433,2013-10-03 17:46:24.406000
-79.641,2013-10-03 17:46:24.531000
-79.957,2013-10-03 17:46:24.671000
-74.787,2013-10-03 17:46:24.796000
-75.94,2013-10-03 17:46:24.921000
-80.009,2013-10-03 17:46:25.062000
-77.046,2013-10-03 17:46:25.187000
-75.721,2013-10-03 17:46:25.359000
-74.911,2013-10-03 17:46:25.500000
-76.314,2013-10-03 17:46:25.625000
-73.733,2013-10-03 17:46:25.765000
-75.638,2013-10-03 17:46:25.890000
-75.103,2013-10-03 17:46:26.031000
-75.15,2013-10-03 17:46:26.156000
-75.627,2013-10-03 17:46:26.328000
-80.442,2013-10-03 17:46:26.468000
-73.216,2013-10-03 17:46:26.593000
-77.956,2013-10-03 17:46:26.718000
-74.544,2013-10-03 17:46:26.859000
-80.932,2013-10-03 17:46:26.984000
-76.061,2013-10-03 17:46:27.125000
-79.095,2013-10-03 17:46:27.250000
-78.945,2013-10-03 17:46:27.421000
-79.799,2013-10-03 17:46:27.562000
-75.363,2013-10-03 17:46:27.687000
-65.848,2013-10-03 17:46:27.828000
-56.825,2013-10-03 17:46:27.953000
-78.429,2013-10-03 17:46:28.093000
-79.041,2013-10-03 17:46:28.218000
-72.856,2013-10-03 17:46:28.343000
-74.591,2013-10-03 17:46:28.515000
-74.555,2013-10-03 17:46:28.656000
-78.625,2013-10-03 17:46:28.796000
-80.066,2013-10-03 17:46:28.937000
-73.823,2013-10-03 17:46:29.078000
-75.122,2013-10-03 17:46:29.218000
-74.597,2013-10-03 17:46:29.343000
-78.313,2013-10-03 17:46:29.468000
-74.271,2013-10-03 17:46:29.640000
-81.152,2013-10-03 17:46:29.781000
-75.742,2013-10-03 17:46:29.906000
-80.304,2013-10-03 17:46:30.046000
-79.013,2013-10-03 17:46:30.171000
-77.252,2013-10-03 17:46:30.312000
-77.56,2013-10-03 17:46:30.437000
-79.527,2013-10-03 17:46:30.609000
-74.503,2013-10-03 17:46:30.750000
-74.722,2013-10-03 17:46:30.875000
-76.784,2013-10-03 17:46:31.015000
-74.596,2013-10-03 17:46:31.140000
-81.633,2013-10-03 17:46:31.265000
-78.805,2013-10-03 17:46:31.406000
-80.138,2013-10-03 17:46:31.531000
-75.056,2013-10-03 17:46:31.703000
-79.454,2013-10-03 17:46:31.843000
-74.397,2013-10-03 17:46:31.968000
-75.116,2013-10-03 17:46:32.109000
-78.012,2013-10-03 17:46:32.234000
-79.236,2013-10-03 17:46:32.375000
-75.781,2013-10-03 17:46:32.500000
-74.211,2013-10-03 17:46:32.625000
-80.319,2013-10-03 17:46:32.750000
-75.868,2013-10-03 17:46:32.937000
-75.459,2013-10-03 17:46:33.062000
-77.061,2013-10-03 17:46:33.203000
-75.105,2013-10-03 17:46:33.328000
-56.366,2013-10-03 17:46:33.468000
-75.347,2013-10-03 17:46:33.593000
-79.667,2013-10-03 17:46:33.765000
-78.215,2013-10-03 17:46:33.906000
-81.231,2013-10-03 17:46:34.031000
-75.228,2013-10-03 17:46:34.156000
-80.766,2013-10-03 17:46:34.296000
-74.708,2013-10-03 17:46:34.421000
-75.922,2013-10-03 17:46:34.562000
-74.256,2013-10-03 17:46:34.687000
-74.371,2013-10-03 17:46:34.859000
-76.511,2013-10-03 17:46:35
-75.197,2013-10-03 17:46:35.125000
-77.879,2013-10-03 17:46:35.265000
-77.321,2013-10-03 17:46:35.390000
-76.223,2013-10-03 17:46:35.531000
-75.939,2013-10-03 17:46:35.656000
-73.787,2013-10-03 17:46:35.781000
-76.201,2013-10-03 17:46:35.906000
-79.704,2013-10-03 17:46:36.093000
-80.947,2013-10-03 17:46:36.218000
-75.666,2013-10-03 17:46:36.359000
-80.13,2013-10-03 17:46:36.484000
-79.584,2013-10-03 17:46:36.625000
-74.343,2013-10-03 17:46:36.750000
-77.768,2013-10-03 17:46:37
-77.425,2013-10-03 17:46:37.140000
-76.282,2013-10-03 17:46:37.265000
-79.783,2013-10-03 17:46:37.406000
-81.011,2013-10-03 17:46:37.531000
-78.305,2013-10-03 17:46:37.671000
-79.054,2013-10-03 17:46:37.796000
-80.653,2013-10-03 17:46:37.968000
-76.147,2013-10-03 17:46:38.109000
-76.486,2013-10-03 17:46:38.234000
-74.533,2013-10-03 17:46:38.375000
-77.571,2013-10-03 17:46:38.500000
-80.38,2013-10-03 17:46:38.640000
-75.715,2013-10-03 17:46:38.765000
-74.757,2013-10-03 17:46:38.906000
-76.329,2013-10-03 17:46:39.062000
-78.675,2013-10-03 17:46:39.203000
-75.795,2013-10-03 17:46:39.343000
-75.132,2013-10-03 17:46:39.468000
-77.708,2013-10-03 17:46:39.609000
-79.817,2013-10-03 17:46:39.734000
-80.431,2013-10-03 17:46:39.859000
-75.83,2013-10-03 17:46:40
-80.382,2013-10-03 17:46:40.171000
-78.81,2013-10-03 17:46:40.312000
-80.159,2013-10-03 17:46:40.437000
-74.507,2013-10-03 17:46:40.562000
-79.83,2013-10-03 17:46:40.781000
-80.7,2013-10-03 17:46:40.906000
-74.273,2013-10-03 17:46:41.046000
-74.477,2013-10-03 17:46:41.218000
-76.257,2013-10-03 17:46:41.359000
-81.368,2013-10-03 17:46:41.484000
-80.477,2013-10-03 17:46:41.625000
-76.951,2013-10-03 17:46:41.750000
-76.658,2013-10-03 17:46:41.890000
-79.325,2013-10-03 17:46:42.015000
-76.929,2013-10-03 17:46:42.140000
-74.149,2013-10-03 17:46:42.312000
-74.964,2013-10-03 17:46:42.453000
-78.883,2013-10-03 17:46:42.593000
-76.856,2013-10-03 17:46:42.718000
-75.551,2013-10-03 17:46:42.843000
-77.092,2013-10-03 17:46:42.984000
-76.893,2013-10-03 17:46:43.109000
-78.576,2013-10-03 17:46:43.250000
-79.455,2013-10-03 17:46:43.421000
-80.334,2013-10-03 17:46:43.562000
-79.449,2013-10-03 17:46:43.687000
-75.704,2013-10-03 17:46:43.812000
-74.368,2013-10-03 17:46:43.953000
-79.476,2013-10-03 17:46:44.109000
-76.032,2013-10-03 17:46:44.250000
-77.633,2013-10-03 17:46:44.375000
-74.85,2013-10-03 17:46:44.546000
-74.971,2013-10-03 17:46:44.687000
-79.736,2013-10-03 17:46:44.812000
-79.548,2013-10-03 17:46:44.953000
-76.842,2013-10-03 17:46:45.078000
-75.446,2013-10-03 17:46:45.203000
-76.048,2013-10-03 17:46:45.343000
-74.519,2013-10-03 17:46:45.546000
-80.091,2013-10-03 17:46:45.718000
-78.084,2013-10-03 17:46:45.859000
-76.974,2013-10-03 17:46:45.984000
-78.668,2013-10-03 17:46:46.125000
-77.292,2013-10-03 17:46:46.250000
-74.123,2013-10-03 17:46:46.390000
-77.478,2013-10-03 17:46:46.625000
-76.18,2013-10-03 17:46:46.765000
-76.841,2013-10-03 17:46:46.906000
-79.652,2013-10-03 17:46:47.031000
-79.752,2013-10-03 17:46:47.171000
-74.338,2013-10-03 17:46:47.296000
-74.578,2013-10-03 17:46:47.437000
-75.431,2013-10-03 17:46:47.671000
-75.81,2013-10-03 17:46:47.812000
-74.686,2013-10-03 17:46:47.953000
-80.208,2013-10-03 17:46:48.093000
-74.535,2013-10-03 17:46:48.218000
-79.849,2013-10-03 17:46:48.343000
-75.019,2013-10-03 17:46:48.484000
-74.349,2013-10-03 17:46:48.640000
-80.22,2013-10-03 17:46:48.781000
-78.64,2013-10-03 17:46:48.921000
-76.099,2013-10-03 17:46:49.046000
-79.771,2013-10-03 17:46:49.187000
-75.677,2013-10-03 17:46:49.312000
-80.905,2013-10-03 17:46:49.453000
-78.472,2013-10-03 17:46:49.578000
-76.486,2013-10-03 17:46:49.750000
-78.578,2013-10-03 17:46:49.890000
-81.007,2013-10-03 17:46:50.015000
-78.469,2013-10-03 17:46:50.156000
-77.976,2013-10-03 17:46:50.281000
-45.314,2013-10-03 17:46:50.406000
-76.001,2013-10-03 17:46:50.546000
-80.096,2013-10-03 17:46:50.671000
-74.036,2013-10-03 17:46:50.843000
-74.337,2013-10-03 17:46:50.984000
-80.573,2013-10-03 17:46:51.109000
-76.25,2013-10-03 17:46:51.250000
-78.083,2013-10-03 17:46:51.375000
-76.377,2013-10-03 17:46:51.500000
-74.733,2013-10-03 17:46:51.640000
-75.786,2013-10-03 17:46:51.765000
-79.886,2013-10-03 17:46:51.937000
-76.325,2013-10-03 17:46:52.078000
-77.066,2013-10-03 17:46:52.203000
-79.05,2013-10-03 17:46:52.343000
-79.78,2013-10-03 17:46:52.468000
-73.971,2013-10-03 17:46:52.609000
-80.125,2013-10-03 17:46:52.734000
-77.17,2013-10-03 17:46:52.859000
-79.538,2013-10-03 17:46:53.046000
-74.359,2013-10-03 17:46:53.171000
-79.783,2013-10-03 17:46:53.312000
-75.393,2013-10-03 17:46:53.437000
-75.08,2013-10-03 17:46:53.578000
-72.568,2013-10-03 17:46:53.703000
-75.706,2013-10-03 17:46:53.843000
-79.027,2013-10-03 17:46:54
-79.003,2013-10-03 17:46:54.140000
-74.375,2013-10-03 17:46:54.281000
-80.571,2013-10-03 17:46:54.406000
-74.728,2013-10-03 17:46:54.546000
-78.197,2013-10-03 17:46:54.671000
-78.08,2013-10-03 17:46:54.796000
-75.85,2013-10-03 17:46:54.937000
-73.757,2013-10-03 17:46:55.109000
-77.138,2013-10-03 17:46:55.250000
-74.263,2013-10-03 17:46:55.375000
-75.058,2013-10-03 17:46:55.500000
-76.33,2013-10-03 17:46:55.640000
-76.713,2013-10-03 17:46:55.765000
-79.403,2013-10-03 17:46:55.906000
-74.53,2013-10-03 17:46:56.031000
-74.517,2013-10-03 17:46:56.203000
-79.205,2013-10-03 17:46:56.343000
-74.524,2013-10-03 17:46:56.468000
-80.272,2013-10-03 17:46:56.593000
-78.116,2013-10-03 17:46:56.734000
-76.062,2013-10-03 17:46:56.859000
-75.265,2013-10-03 17:46:57
-75.651,2013-10-03 17:46:57.125000
-76.818,2013-10-03 17:46:57.296000
-78.733,2013-10-03 17:46:57.437000
-74.555,2013-10-03 17:46:57.562000
-80.576,2013-10-03 17:46:57.703000
-81.124,2013-10-03 17:46:57.828000
-81.831,2013-10-03 17:46:57.968000
-75.883,2013-10-03 17:46:58.093000
-81.263,2013-10-03 17:46:58.234000
-79.975,2013-10-03 17:46:58.406000
-76.761,2013-10-03 17:46:58.531000
-79.14,2013-10-03 17:46:58.671000
-76.764,2013-10-03 17:46:58.796000
-78.492,2013-10-03 17:46:58.937000
-76.189,2013-10-03 17:46:59.062000
-79.558,2013-10-03 17:46:59.203000
-74.711,2013-10-03 17:46:59.390000
-76.216,2013-10-03 17:46:59.531000
-80.441,2013-10-03 17:46:59.671000
-76.157,2013-10-03 17:46:59.796000
-76.583,2013-10-03 17:46:59.921000
-78.159,2013-10-03 17:47:00.062000
-77.348,2013-10-03 17:47:00.187000
-81.609,2013-10-03 17:47:00.328000
-77.937,2013-10-03 17:47:00.484000
-76.851,2013-10-03 17:47:00.625000
-78.183,2013-10-03 17:47:00.765000
-79.54,2013-10-03 17:47:00.890000
-80.158,2013-10-03 17:47:01.031000
-79.752,2013-10-03 17:47:01.156000
-77.289,2013-10-03 17:47:01.296000
-79.938,2013-10-03 17:47:01.421000
-79.46,2013-10-03 17:47:01.593000
-80.467,2013-10-03 17:47:01.734000
-78.384,2013-10-03 17:47:01.859000
-76.148,2013-10-03 17:47:02
-80.072,2013-10-03 17:47:02.125000
-76.472,2013-10-03 17:47:02.265000
-78.105,2013-10-03 17:47:02.390000
-78.341,2013-10-03 17:47:02.531000
-77.268,2013-10-03 17:47:02.687000
-75.026,2013-10-03 17:47:02.828000
-77.308,2013-10-03 17:47:02.968000
-76.61,2013-10-03 17:47:03.093000
-76.008,2013-10-03 17:47:03.234000
-76.378,2013-10-03 17:47:03.359000
-76.202,2013-10-03 17:47:03.500000
-76.236,2013-10-03 17:47:03.625000
-80.364,2013-10-03 17:47:03.796000
-77.467,2013-10-03 17:47:03.937000
-77.856,2013-10-03 17:47:04.062000
-77.768,2013-10-03 17:47:04.203000
-80.639,2013-10-03 17:47:04.328000
-77.847,2013-10-03 17:47:04.468000
-74.543,2013-10-03 17:47:04.593000
-76.681,2013-10-03 17:47:04.734000
-77.603,2013-10-03 17:47:04.890000
-78.58,2013-10-03 17:47:05.031000
-75.665,2013-10-03 17:47:05.171000
-76.95,2013-10-03 17:47:05.296000
-74.933,2013-10-03 17:47:05.421000
-79.394,2013-10-03 17:47:05.562000
-72.995,2013-10-03 17:47:05.687000
-76.645,2013-10-03 17:47:05.828000
-80.996,2013-10-03 17:47:06
-75.776,2013-10-03 17:47:06.140000
-73.61,2013-10-03 17:47:06.265000
-80.544,2013-10-03 17:47:06.390000
-74.508,2013-10-03 17:47:06.531000
-73.65,2013-10-03 17:47:06.656000
-76.754,2013-10-03 17:47:06.781000
-76.342,2013-10-03 17:47:06.921000
-75.209,2013-10-03 17:47:07.093000
-76.805,2013-10-03 17:47:07.218000
-78.937,2013-10-03 17:47:07.359000
-79.874,2013-10-03 17:47:07.484000
-74.706,2013-10-03 17:47:07.625000
-74.905,2013-10-03 17:47:07.750000
-76.698,2013-10-03 17:47:07.890000
-73.626,2013-10-03 17:47:08.015000
-79.811,2013-10-03 17:47:08.187000
-74.486,2013-10-03 17:47:08.328000
-73.416,2013-10-03 17:47:08.453000
-74.687,2013-10-03 17:47:08.578000
-77.372,2013-10-03 17:47:08.718000
-77.843,2013-10-03 17:47:08.843000
-80.537,2013-10-03 17:47:08.984000
-78.237,2013-10-03 17:47:09.140000
-81.016,2013-10-03 17:47:09.281000
-78.972,2013-10-03 17:47:09.421000
-78.546,2013-10-03 17:47:09.546000
-80.453,2013-10-03 17:47:09.671000
-79.55,2013-10-03 17:47:09.812000
-74.753,2013-10-03 17:47:09.937000
-76.881,2013-10-03 17:47:10.078000
-80.882,2013-10-03 17:47:10.234000
-74.138,2013-10-03 17:47:10.375000
-78.317,2013-10-03 17:47:10.515000
-72.898,2013-10-03 17:47:10.640000
-80.372,2013-10-03 17:47:10.781000
-76.103,2013-10-03 17:47:10.906000
-75.525,2013-10-03 17:47:11.046000
-78.511,2013-10-03 17:47:11.171000
-75.044,2013-10-03 17:47:11.343000
-79.345,2013-10-03 17:47:11.484000
-74.362,2013-10-03 17:47:11.609000
-79.04,2013-10-03 17:47:11.750000
-81.295,2013-10-03 17:47:11.875000
-79.876,2013-10-03 17:47:12.015000
-76.622,2013-10-03 17:47:12.140000
-74.897,2013-10-03 17:47:12.312000
-74.471,2013-10-03 17:47:12.453000
-77.689,2013-10-03 17:47:12.578000
-79.523,2013-10-03 17:47:12.703000
-74.47,2013-10-03 17:47:12.843000
-80.383,2013-10-03 17:47:12.968000
-77.14,2013-10-03 17:47:13.109000
-76.155,2013-10-03 17:47:13.234000
-75.061,2013-10-03 17:47:13.406000
-73.733,2013-10-03 17:47:13.531000
-74.933,2013-10-03 17:47:13.671000
-79.553,2013-10-03 17:47:13.796000
-78.775,2013-10-03 17:47:13.937000
-74.672,2013-10-03 17:47:14.062000
-74.653,2013-10-03 17:47:14.187000
-75.951,2013-10-03 17:47:14.328000
-76.397,2013-10-03 17:47:14.515000
-75.38,2013-10-03 17:47:14.828000
-76.162,2013-10-03 17:47:14.953000
-80.928,2013-10-03 17:47:15.093000
-76.463,2013-10-03 17:47:15.218000
-79.401,2013-10-03 17:47:15.343000
-79.777,2013-10-03 17:47:15.515000
-76.175,2013-10-03 17:47:15.656000
-73.777,2013-10-03 17:47:15.796000
-75.429,2013-10-03 17:47:15.921000
-79.64,2013-10-03 17:47:16.062000
-73.876,2013-10-03 17:47:16.187000
-79.227,2013-10-03 17:47:16.328000
-73.904,2013-10-03 17:47:16.484000
-75.804,2013-10-03 17:47:16.625000
-79.624,2013-10-03 17:47:16.765000
-74.914,2013-10-03 17:47:16.890000
-75.812,2013-10-03 17:47:17.031000
-75.557,2013-10-03 17:47:17.156000
-80.008,2013-10-03 17:47:17.296000
-80.074,2013-10-03 17:47:17.421000
-78.89,2013-10-03 17:47:17.593000
-75.227,2013-10-03 17:47:17.734000
-74.048,2013-10-03 17:47:17.859000
-74.147,2013-10-03 17:47:18
-74.83,2013-10-03 17:47:18.125000
-73.04,2013-10-03 17:47:18.265000
-80.294,2013-10-03 17:47:18.390000
-75.199,2013-10-03 17:47:18.515000
-75.656,2013-10-03 17:47:18.703000
-75.592,2013-10-03 17:47:18.828000
-75.35,2013-10-03 17:47:18.968000
-78.978,2013-10-03 17:47:19.093000
-75.897,2013-10-03 17:47:19.218000
-76.967,2013-10-03 17:47:19.359000
-74.599,2013-10-03 17:47:19.484000
-78.547,2013-10-03 17:47:19.656000
-80.489,2013-10-03 17:47:19.796000
-75.665,2013-10-03 17:47:19.921000
-77.314,2013-10-03 17:47:20.062000
-75.068,2013-10-03 17:47:20.187000
-77.273,2013-10-03 17:47:20.328000
-81.454,2013-10-03 17:47:20.453000
-78.042,2013-10-03 17:47:20.593000
-78.859,2013-10-03 17:47:20.750000
-81.254,2013-10-03 17:47:20.890000
-76.064,2013-10-03 17:47:21.031000
-81.366,2013-10-03 17:47:21.156000
-78.578,2013-10-03 17:47:21.296000
-80.792,2013-10-03 17:47:21.421000
-77.626,2013-10-03 17:47:21.562000
-80.937,2013-10-03 17:47:21.687000
-75.949,2013-10-03 17:47:21.859000
-75.086,2013-10-03 17:47:22
-75.227,2013-10-03 17:47:22.125000
-76.567,2013-10-03 17:47:22.265000
-79.78,2013-10-03 17:47:22.390000
-80.944,2013-10-03 17:47:22.515000
-75.086,2013-10-03 17:47:22.656000
-77.119,2013-10-03 17:47:22.781000
-76.66,2013-10-03 17:47:22.953000
-75.788,2013-10-03 17:47:23.093000
-73.932,2013-10-03 17:47:23.218000
-75.324,2013-10-03 17:47:23.359000
-79.02,2013-10-03 17:47:23.484000
-80.898,2013-10-03 17:47:23.625000
-74.639,2013-10-03 17:47:23.750000
-73.505,2013-10-03 17:47:23.875000
-80.231,2013-10-03 17:47:24.046000
-79.962,2013-10-03 17:47:24.187000
-76.045,2013-10-03 17:47:24.328000
-78.281,2013-10-03 17:47:24.453000
-81.131,2013-10-03 17:47:24.578000
-77.15,2013-10-03 17:47:24.718000
-73.58,2013-10-03 17:47:24.843000
-79.537,2013-10-03 17:47:24.984000
-76.729,2013-10-03 17:47:25.156000
-79.263,2013-10-03 17:47:25.281000
-75.957,2013-10-03 17:47:25.421000
-74.682,2013-10-03 17:47:25.546000
-79.869,2013-10-03 17:47:25.687000
-72.924,2013-10-03 17:47:25.812000
-79.004,2013-10-03 17:47:25.953000
-74.649,2013-10-03 17:47:26.109000
-76.331,2013-10-03 17:47:26.250000
-79.108,2013-10-03 17:47:26.390000
-80.648,2013-10-03 17:47:26.515000
-74.16,2013-10-03 17:47:26.656000
-77.017,2013-10-03 17:47:26.781000
-74.435,2013-10-03 17:47:26.921000
-79.682,2013-10-03 17:47:27.046000
-75.503,2013-10-03 17:47:27.218000
-76.958,2013-10-03 17:47:27.359000
-77.627,2013-10-03 17:47:27.484000
-78.017,2013-10-03 17:47:27.625000
-79.055,2013-10-03 17:47:27.750000
-73.003,2013-10-03 17:47:27.875000
-76.497,2013-10-03 17:47:28.015000
-73.639,2013-10-03 17:47:28.140000
-79.012,2013-10-03 17:47:28.312000
-72.189,2013-10-03 17:47:28.453000
-73.806,2013-10-03 17:47:28.593000
-73.36,2013-10-03 17:47:28.718000
-80.226,2013-10-03 17:47:28.843000
-73.456,2013-10-03 17:47:28.984000
-74.183,2013-10-03 17:47:29.109000
-76.033,2013-10-03 17:47:29.250000
-73.463,2013-10-03 17:47:29.406000
-80.391,2013-10-03 17:47:29.546000
-78.753,2013-10-03 17:47:29.687000
-79.172,2013-10-03 17:47:29.843000
-71.785,2013-10-03 17:47:29.968000
-80.309,2013-10-03 17:47:30.109000
-79.719,2013-10-03 17:47:30.234000
-78.724,2013-10-03 17:47:30.375000
-80.062,2013-10-03 17:47:30.531000
-74.239,2013-10-03 17:47:30.671000
-78.193,2013-10-03 17:47:30.812000
-73.844,2013-10-03 17:47:30.937000
-74.049,2013-10-03 17:47:31.062000
-80.99,2013-10-03 17:47:31.203000
-76.517,2013-10-03 17:47:31.328000
-74.165,2013-10-03 17:47:31.578000
-79.527,2013-10-03 17:47:31.718000
-73.556,2013-10-03 17:47:31.843000
-75.501,2013-10-03 17:47:31.984000
-77.842,2013-10-03 17:47:32.109000
-79.027,2013-10-03 17:47:32.250000
-74.768,2013-10-03 17:47:32.375000
-74.07,2013-10-03 17:47:32.546000
-76.034,2013-10-03 17:47:32.687000
-79.972,2013-10-03 17:47:32.812000
-73.85,2013-10-03 17:47:32.953000
-75.456,2013-10-03 17:47:33.078000
-74.14,2013-10-03 17:47:33.218000
-81.128,2013-10-03 17:47:33.343000
-77.855,2013-10-03 17:47:33.484000
-72.589,2013-10-03 17:47:33.656000
-72.551,2013-10-03 17:47:33.781000
-73.383,2013-10-03 17:47:33.921000
-81.116,2013-10-03 17:47:34.046000
-78.537,2013-10-03 17:47:34.187000
-79.707,2013-10-03 17:47:34.312000
-73.779,2013-10-03 17:47:34.453000
-73.949,2013-10-03 17:47:34.578000
-81.226,2013-10-03 17:47:34.750000
-74.084,2013-10-03 17:47:34.890000
-78.863,2013-10-03 17:47:35.015000
-72.92,2013-10-03 17:47:35.156000
-78.525,2013-10-03 17:47:35.281000
-79.827,2013-10-03 17:47:35.421000
-79.473,2013-10-03 17:47:35.546000
-73.05,2013-10-03 17:47:35.671000
-80.127,2013-10-03 17:47:35.843000
-79.784,2013-10-03 17:47:35.984000
-80.218,2013-10-03 17:47:36.125000
-73.628,2013-10-03 17:47:36.250000
-80.625,2013-10-03 17:47:36.375000
-74.614,2013-10-03 17:47:36.515000
-75.464,2013-10-03 17:47:36.640000
-79.258,2013-10-03 17:47:36.781000
-79.436,2013-10-03 17:47:36.937000
-74.989,2013-10-03 17:47:37.078000
-75.762,2013-10-03 17:47:37.218000
-75.564,2013-10-03 17:47:37.343000
-79.333,2013-10-03 17:47:37.484000
-75.207,2013-10-03 17:47:37.609000
-73.274,2013-10-03 17:47:37.734000
-77.794,2013-10-03 17:47:37.875000
-74.7,2013-10-03 17:47:38.046000
-80.098,2013-10-03 17:47:38.187000
-76.839,2013-10-03 17:47:38.312000
-77.725,2013-10-03 17:47:38.437000
-73.721,2013-10-03 17:47:38.578000
-76.213,2013-10-03 17:47:38.703000
-80.507,2013-10-03 17:47:38.843000
-78.4,2013-10-03 17:47:38.968000
-75.073,2013-10-03 17:47:39.140000
-76.613,2013-10-03 17:47:39.281000
-81.105,2013-10-03 17:47:39.406000
-74.966,2013-10-03 17:47:39.546000
-74.542,2013-10-03 17:47:39.671000
-75.895,2013-10-03 17:47:39.812000
-74.713,2013-10-03 17:47:39.937000
-79.905,2013-10-03 17:47:40.062000
-79.26,2013-10-03 17:47:40.234000
-75.491,2013-10-03 17:47:40.375000
-77.004,2013-10-03 17:47:40.515000
-80.338,2013-10-03 17:47:40.640000
-78.454,2013-10-03 17:47:40.781000
-75.707,2013-10-03 17:47:40.906000
-75.521,2013-10-03 17:47:41.031000
-76.1,2013-10-03 17:47:41.171000
-80.471,2013-10-03 17:47:41.328000
-77.77,2013-10-03 17:47:41.468000
-75.619,2013-10-03 17:47:41.609000
-74.649,2013-10-03 17:47:41.734000
-76.399,2013-10-03 17:47:41.875000
-80.317,2013-10-03 17:47:42
-75.191,2013-10-03 17:47:42.125000
-75.811,2013-10-03 17:47:42.265000
-78.729,2013-10-03 17:47:42.437000
-80.54,2013-10-03 17:47:42.562000
